device_id,tcp_flag,udp_flag,http_flag,https_flag,packet_size,ttl,inter_arrival_time,protocol,src_port,dst_port,epoch_timestamp,avg_et,max_et,min_et,label
1006,1,1,1,0,361.136237912234,128,0.02417341978858234,6,17786,80,1620000000.0,1620000000.0,1620000000.0,1620000000.0,0
1003,1,1,1,1,194.03341835934594,64,0.07270437526146616,6,4489,80,1620000001.8009005,1620000001.8009005,1620000001.8009005,1620000001.8009005,0
1007,0,1,1,0,459.8804370138137,255,0.13318719672626655,6,56181,443,1620000003.601801,1620000003.601801,1620000003.601801,1620000003.601801,0
1004,0,1,0,0,607.0090383407997,64,0.08138343587115958,1,52447,22,1620000005.4027014,1620000005.4027014,1620000005.4027014,1620000005.4027014,0
1006,0,1,0,1,707.7873522872867,64,0.2645369610241207,1,26646,80,1620000007.2036018,1620000007.2036018,1620000007.2036018,1620000007.2036018,0
1009,0,1,0,0,606.1005148335864,64,0.047476431236227114,1,51183,22,1620000009.0045023,1620000009.0045023,1620000009.0045023,1620000009.0045023,0
1002,0,0,0,1,667.1642137449716,128,0.06230164607778959,17,7824,80,1620000010.8054028,1620000010.8054028,1620000010.8054028,1620000010.8054028,0
1006,0,1,0,1,709.0622860207919,255,0.009268816702237911,17,50285,22,1620000012.6063032,1620000012.6063032,1620000012.6063032,1620000012.6063032,0
1007,1,0,1,0,432.1245987403779,128,0.09390454454748763,17,36563,1883,1620000014.4072037,1620000014.4072037,1620000014.4072037,1620000014.4072037,0
1004,1,1,0,1,470.412139618482,128,0.03399751203886634,17,37675,1883,1620000016.2081041,1620000008.104052,1620000016.2081041,1620000000.0,0
1003,1,1,0,0,757.4335586299751,64,0.017472135902332715,17,3624,22,1620000018.0090046,1620000009.9049525,1620000018.0090046,1620000001.8009005,0
1007,0,0,0,1,257.9685951538625,128,0.0786428264761752,6,6542,80,1620000019.809905,1620000011.705853,1620000019.809905,1620000003.601801,0
1007,1,1,1,0,585.826572304459,64,0.07599501588569332,17,20651,443,1620000021.6108055,1620000013.5067534,1620000021.6108055,1620000005.4027014,0
1002,1,0,1,1,356.65823421659576,255,0.00789043005642549,6,51181,22,1620000023.411706,1620000015.307654,1620000023.411706,1620000007.2036018,0
1005,1,0,1,0,720.052320646194,128,0.11980419383810921,1,30393,502,1620000025.2126062,1620000017.1085544,1620000025.2126062,1620000009.0045023,0
1004,1,0,0,1,496.4129038849721,128,0.09775604431323778,1,32469,443,1620000027.0135067,1620000018.9094548,1620000027.0135067,1620000010.8054028,0
1001,1,1,1,1,501.5187870756248,128,0.020950853550871066,1,17713,502,1620000028.814407,1620000020.7103553,1620000028.814407,1620000012.6063032,0
1007,0,1,1,1,845.7759774793373,64,0.06338125427051332,1,16947,22,1620000030.6153076,1620000022.5112557,1620000030.6153076,1620000014.4072037,0
1005,0,1,1,0,284.79144411027073,64,0.12741196144818087,1,39493,80,1620000032.416208,1620000024.3121562,1620000032.416208,1620000016.2081041,0
1001,1,0,0,0,543.1638946437206,128,0.07538227523245195,17,31427,502,1620000034.2171085,1620000026.1130564,1620000034.2171085,1620000018.0090046,0
1004,1,0,1,1,463.9747737804358,128,0.050333553826107005,17,1982,22,1620000036.018009,1620000027.9139569,1620000036.018009,1620000019.809905,0
1000,1,1,0,0,606.4822632086062,255,0.03891073163932547,17,59321,443,1620000037.8189094,1620000029.7148576,1620000037.8189094,1620000021.6108055,0
1009,0,1,0,1,885.8661573377893,255,0.09426189646376043,1,55446,80,1620000039.6198099,1620000031.5157578,1620000039.6198099,1620000023.411706,0
1005,0,1,1,0,378.95169801496354,255,0.27986649438637723,1,41387,502,1620000041.4207103,1620000033.3166585,1620000041.4207103,1620000025.2126062,0
1008,1,1,0,1,260.520457529191,255,0.11139640476515769,6,61036,22,1620000043.2216108,1620000035.117559,1620000043.2216108,1620000027.0135067,0
1000,0,1,1,0,338.1345148635988,255,0.007768688042096049,17,4562,80,1620000045.0225112,1620000036.9184592,1620000045.0225112,1620000028.814407,0
1009,0,0,0,1,453.43638355581624,64,0.061745541402347615,1,61045,80,1620000046.8234117,1620000038.7193596,1620000046.8234117,1620000030.6153076,0
1002,1,0,1,1,512.8461667406654,255,0.22147952246215677,1,24428,1883,1620000048.6243122,1620000040.52026,1620000048.6243122,1620000032.416208,0
1006,0,0,1,1,522.9057591573164,255,0.009922650699345186,1,51806,80,1620000050.4252126,1620000042.3211606,1620000050.4252126,1620000034.2171085,0
1003,0,1,1,1,860.5321902350868,128,0.44986244653421575,6,11007,22,1620000052.226113,1620000044.1220613,1620000052.226113,1620000036.018009,0
1008,1,0,0,0,824.9678089309683,64,0.29772912325099476,1,36395,443,1620000054.0270135,1620000045.9229615,1620000054.0270135,1620000037.8189094,0
1002,0,0,1,1,760.5892978133921,255,0.008150780118979592,6,60339,1883,1620000055.827914,1620000047.7238622,1620000055.827914,1620000039.6198099,0
1004,0,0,0,0,1002.8877273234684,255,0.27092507281898853,6,25666,22,1620000057.6288145,1620000049.5247626,1620000057.6288145,1620000041.4207103,0
1002,1,0,1,0,664.8196913325263,255,0.04511937930498078,17,14491,22,1620000059.429715,1620000051.3256629,1620000059.429715,1620000043.2216108,0
1006,0,0,0,1,721.671016702528,128,0.18624555787465624,1,59202,22,1620000061.2306154,1620000053.1265633,1620000061.2306154,1620000045.0225112,0
1004,0,1,0,0,660.9541043787532,128,0.05419437041244958,6,1229,502,1620000063.0315158,1620000054.9274638,1620000063.0315158,1620000046.8234117,0
1008,1,0,1,0,628.1810627587573,128,0.05813466492545025,1,28433,502,1620000064.8324163,1620000056.7283642,1620000064.8324163,1620000048.6243122,0
1006,1,1,1,0,578.8793048365683,255,0.10057863492467634,17,13466,443,1620000066.6333168,1620000058.529265,1620000066.6333168,1620000050.4252126,0
1001,1,1,1,1,420.6285910169359,128,0.14893349888042925,17,27314,22,1620000068.4342172,1620000060.3301651,1620000068.4342172,1620000052.226113,0
1003,0,1,1,0,250.64435043242707,255,0.003437319834719393,6,27132,502,1620000070.2351177,1620000062.1310658,1620000070.2351177,1620000054.0270135,0
1008,1,1,1,0,473.86920620757735,64,0.08993254484040797,17,6715,502,1620000072.036018,1620000063.931966,1620000072.036018,1620000055.827914,0
1001,0,1,0,1,613.1547399344126,255,0.020669580280810944,17,39933,502,1620000073.8369184,1620000065.7328665,1620000073.8369184,1620000057.6288145,0
1009,1,0,1,1,514.452380194798,128,0.04245707406923023,17,53321,443,1620000075.6378188,1620000067.533767,1620000075.6378188,1620000059.429715,0
1008,0,0,1,0,286.9328611761489,64,0.042766266016608843,1,20528,443,1620000077.4387193,1620000069.3346674,1620000077.4387193,1620000061.2306154,0
1009,1,1,0,1,466.82339000332433,255,0.06331068992652376,1,65294,22,1620000079.2396197,1620000071.135568,1620000079.2396197,1620000063.0315158,0
1004,1,1,1,0,456.39943828337243,64,0.04066704520576659,6,31186,1883,1620000081.0405202,1620000072.9364684,1620000081.0405202,1620000064.8324163,0
1001,1,1,1,0,487.529071606244,64,0.011357316785517386,6,40520,22,1620000082.8414207,1620000074.7373688,1620000082.8414207,1620000066.6333168,0
1003,1,0,0,0,598.1830697853319,64,0.015738944725652685,17,59075,502,1620000084.642321,1620000076.5382693,1620000084.642321,1620000068.4342172,0
1006,0,1,1,1,641.2516073820605,255,0.0034009818461591765,17,39822,502,1620000086.4432216,1620000078.3391697,1620000086.4432216,1620000070.2351177,0
1007,1,0,1,0,399.9897098050895,128,0.06353483552259777,6,50354,80,1620000088.244122,1620000080.14007,1620000088.244122,1620000072.036018,0
1002,1,1,1,1,696.2242376025027,255,0.3088894049597022,17,22575,22,1620000090.0450225,1620000081.9409702,1620000090.0450225,1620000073.8369184,0
1000,0,0,0,1,726.3276239336625,128,0.012293088975395036,6,14407,502,1620000091.845923,1620000083.7418709,1620000091.845923,1620000075.6378188,1
1003,1,1,1,0,564.0603866097091,255,0.2923681285599671,1,17520,502,1620000093.6468234,1620000085.5427716,1620000093.6468234,1620000077.4387193,0
1001,0,0,0,1,632.9500543906137,255,0.1321861525812221,17,42740,1883,1620000095.4477239,1620000087.3436718,1620000095.4477239,1620000079.2396197,0
1007,1,1,1,1,696.8462884923897,255,0.10147275024422758,17,10112,80,1620000097.2486243,1620000089.144572,1620000097.2486243,1620000081.0405202,0
1003,1,0,0,1,280.47107008410575,128,0.10364202051108234,17,48006,22,1620000099.0495248,1620000090.9454727,1620000099.0495248,1620000082.8414207,0
1001,1,0,1,1,710.9462669963592,255,0.1752890635647988,1,28468,443,1620000100.8504252,1620000092.7463734,1620000100.8504252,1620000084.642321,1
1005,0,0,0,1,341.98782548040936,64,0.011307896459521568,1,25758,22,1620000102.6513257,1620000094.5472736,1620000102.6513257,1620000086.4432216,0
1005,1,0,0,0,361.4596726743243,255,0.07027013235083013,17,42769,22,1620000104.4522262,1620000096.3481739,1620000104.4522262,1620000088.244122,0
1009,1,0,0,1,539.2578335629522,64,0.11943233050571889,6,35595,1883,1620000106.2531266,1620000098.1490746,1620000106.2531266,1620000090.0450225,0
1003,1,0,0,0,71.19197486506614,128,0.08838730228097175,1,27439,22,1620000108.054027,1620000099.9499753,1620000108.054027,1620000091.845923,0
1005,0,0,0,0,535.1240616451521,128,0.1788439412859406,17,16413,1883,1620000109.8549275,1620000101.7508755,1620000109.8549275,1620000093.6468234,0
1001,0,1,0,0,696.3561893911605,255,0.007501637895018451,17,28768,1883,1620000111.655828,1620000103.5517757,1620000111.655828,1620000095.4477239,0
1009,1,1,1,0,170.81523071079667,255,0.11734469601088071,1,19706,502,1620000113.4567285,1620000105.3526764,1620000113.4567285,1620000097.2486243,0
1001,0,1,1,0,717.8018649092902,255,0.07636291538904615,6,46062,443,1620000115.257629,1620000107.153577,1620000115.257629,1620000099.0495248,0
1009,1,1,0,0,360.242476294509,64,0.047668327083072434,17,35334,1883,1620000117.0585294,1620000108.9544773,1620000117.0585294,1620000100.8504252,0
1003,1,1,0,1,541.3723560985602,128,0.0415932170528653,6,8283,80,1620000118.8594296,1620000110.7553775,1620000118.8594296,1620000102.6513257,0
1007,1,0,0,1,389.2850985989076,64,0.09697775691983458,6,46192,80,1620000120.66033,1620000112.5562782,1620000120.66033,1620000104.4522262,0
1006,1,0,0,1,614.5836968258092,64,0.22163649631970236,1,13570,443,1620000122.4612305,1620000114.3571787,1620000122.4612305,1620000106.2531266,0
1008,1,0,1,0,704.9895112327528,255,0.06855281315707297,17,3178,1883,1620000124.262131,1620000116.158079,1620000124.262131,1620000108.054027,0
1007,1,0,0,1,629.4020728764996,255,0.174138863541491,17,9790,443,1620000126.0630314,1620000117.9589796,1620000126.0630314,1620000109.8549275,0
1004,1,0,1,1,499.20377010126,64,0.05144260673309911,6,49541,502,1620000127.863932,1620000119.7598798,1620000127.863932,1620000111.655828,1
1001,0,1,1,1,404.828932681315,64,0.010802457533030024,1,12254,80,1620000129.6648324,1620000121.5607803,1620000129.6648324,1620000113.4567285,0
1004,0,1,0,0,486.13959412577736,255,0.006347853534360796,1,18789,22,1620000131.4657328,1620000123.3616807,1620000131.4657328,1620000115.257629,0
1007,0,1,0,1,631.1942929919284,255,0.00526988831581217,1,6926,80,1620000133.2666333,1620000125.1625812,1620000133.2666333,1620000117.0585294,0
1009,0,1,1,0,638.0532798345838,64,0.047827799471739915,6,2246,1883,1620000135.0675337,1620000126.9634814,1620000135.0675337,1620000118.8594296,0
1008,0,0,1,1,610.1653164352244,255,0.04113389516538731,6,28074,443,1620000136.8684342,1620000128.7643821,1620000136.8684342,1620000120.66033,0
1008,0,0,0,0,243.4844916885911,255,0.12656249124889893,17,35293,80,1620000138.6693347,1620000130.5652823,1620000138.6693347,1620000122.4612305,0
1000,0,0,0,0,495.39550831291797,64,0.13579848888102286,1,10074,22,1620000140.470235,1620000132.366183,1620000140.470235,1620000124.262131,0
1008,1,1,0,0,373.31420716056965,64,0.005219261321536188,6,50000,22,1620000142.2711356,1620000134.1670835,1620000142.2711356,1620000126.0630314,0
1006,1,0,1,1,632.9858039811655,128,0.024990247783811956,1,4598,443,1620000144.072036,1620000135.967984,1620000144.072036,1620000127.863932,0
1008,1,1,1,1,347.0056493242807,64,0.032056600436626635,6,37521,443,1620000145.8729365,1620000137.7688844,1620000145.8729365,1620000129.6648324,0
1007,1,0,0,0,590.410751616845,255,0.07932150252387196,17,12181,80,1620000147.673837,1620000139.5697846,1620000147.673837,1620000131.4657328,0
1000,0,0,1,1,443.56244783709406,64,0.015608698114072362,1,57916,1883,1620000149.4747374,1620000141.370685,1620000149.4747374,1620000133.2666333,0
1007,0,1,1,0,124.18076334685173,64,0.014380249674164828,6,20599,502,1620000151.2756379,1620000143.1715858,1620000151.2756379,1620000135.0675337,0
1007,1,0,0,0,686.1918571775994,64,0.28786408406967307,1,59964,22,1620000153.0765383,1620000144.972486,1620000153.0765383,1620000136.8684342,0
1002,1,0,0,1,494.94255562720843,128,0.1630676397299238,6,41268,443,1620000154.8774388,1620000146.7733867,1620000154.8774388,1620000138.6693347,0
1000,0,1,1,1,755.1954591531384,128,0.019924991891031005,6,18969,502,1620000156.6783392,1620000148.5742872,1620000156.6783392,1620000140.470235,0
1007,1,0,1,1,166.93818426447257,255,0.05218323223533797,6,15986,502,1620000158.4792397,1620000150.3751876,1620000158.4792397,1620000142.2711356,0
1002,1,1,0,0,441.6957378165008,128,0.043946976739547526,1,36314,502,1620000160.2801402,1620000152.176088,1620000160.2801402,1620000144.072036,0
1002,1,0,0,0,456.719115808027,64,0.15654405203432398,6,60967,1883,1620000162.0810406,1620000153.9769883,1620000162.0810406,1620000145.8729365,0
1000,1,0,0,1,554.0412582476623,128,0.07137845057348634,17,36183,443,1620000163.881941,1620000155.7778888,1620000163.881941,1620000147.673837,0
1004,0,0,0,0,234.96253916860016,64,0.01367935499569162,1,52851,22,1620000165.6828415,1620000157.5787895,1620000165.6828415,1620000149.4747374,0
1009,1,0,0,1,608.8075713547557,128,0.1343204462758749,17,52359,443,1620000167.4837418,1620000159.3796897,1620000167.4837418,1620000151.2756379,0
1006,1,0,1,0,882.3324812562066,128,0.050565232542079244,17,25876,80,1620000169.2846422,1620000161.1805904,1620000169.2846422,1620000153.0765383,0
1009,0,0,1,1,594.9074692931064,128,0.03050646073151543,1,31708,22,1620000171.0855427,1620000162.9814909,1620000171.0855427,1620000154.8774388,0
1008,0,0,1,1,518.5744803647024,64,0.04708017428868657,6,45866,443,1620000172.8864431,1620000164.782391,1620000172.8864431,1620000156.6783392,0
1006,1,0,1,0,224.50851859492528,128,0.06886703437784515,17,12820,22,1620000174.6873436,1620000166.5832915,1620000174.6873436,1620000158.4792397,0
1008,0,1,0,1,345.15077728859495,64,0.0420247100030987,1,25474,80,1620000176.488244,1620000168.384192,1620000176.488244,1620000160.2801402,0
1007,1,1,0,1,488.83101983544543,64,0.027694759050072012,6,35870,22,1620000178.2891445,1620000170.1850924,1620000178.2891445,1620000162.0810406,0
1001,1,0,0,0,394.04470583143416,255,0.05083321164807897,1,54518,502,1620000180.090045,1620000171.985993,1620000180.090045,1620000163.881941,0
1000,0,0,1,1,705.251285254197,128,0.0019359094636229803,1,62874,1883,1620000181.8909454,1620000173.7868934,1620000181.8909454,1620000165.6828415,0
1006,1,1,1,0,606.7406401937276,255,0.148059557292744,1,46061,80,1620000183.691846,1620000175.5877938,1620000183.691846,1620000167.4837418,0
1006,1,0,1,1,1038.4757175293942,255,0.018746865267562383,6,48154,22,1620000185.4927464,1620000177.3886943,1620000185.4927464,1620000169.2846422,0
1007,1,0,0,0,303.82831271514175,64,0.004489759437109302,17,62536,80,1620000187.2936468,1620000179.1895947,1620000187.2936468,1620000171.0855427,0
1004,1,1,1,1,506.62292227834655,128,0.10604460531225508,17,18528,502,1620000189.0945473,1620000180.9904952,1620000189.0945473,1620000172.8864431,1
1002,0,0,0,1,223.30152549314178,64,0.14869377038137216,1,46752,1883,1620000190.8954477,1620000182.7913957,1620000190.8954477,1620000174.6873436,1
1007,0,0,0,1,55.51184508193509,64,0.1681090379616866,1,31065,80,1620000192.6963482,1620000184.5922961,1620000192.6963482,1620000176.488244,0
1005,1,1,0,1,644.5441958906306,128,0.06802490850936757,6,11739,502,1620000194.4972486,1620000186.3931966,1620000194.4972486,1620000178.2891445,0
1002,0,0,0,0,599.3230765934712,64,0.022987639699970207,1,22827,502,1620000196.298149,1620000188.194097,1620000196.298149,1620000180.090045,0
1000,1,0,0,0,329.081913070842,128,0.13364673146980457,1,4394,502,1620000198.0990496,1620000189.9949975,1620000198.0990496,1620000181.8909454,0
1002,1,1,0,0,518.6059239186848,128,0.1203016851908539,1,62750,22,1620000199.89995,1620000191.795898,1620000199.89995,1620000183.691846,0
1004,1,0,1,0,374.1464802148911,64,0.02827220392503334,17,2932,443,1620000201.7008505,1620000193.5967984,1620000201.7008505,1620000185.4927464,1
1002,1,1,0,0,401.1585090313448,64,0.2337256829421664,1,53696,80,1620000203.501751,1620000195.3976989,1620000203.501751,1620000187.2936468,1
1000,1,0,0,0,435.9430774467452,255,0.011022952571982086,17,38099,443,1620000205.3026514,1620000197.1985993,1620000205.3026514,1620000189.0945473,0
1004,0,0,1,0,320.68696451914445,64,0.4056369216023682,6,54672,502,1620000207.1035519,1620000198.9994998,1620000207.1035519,1620000190.8954477,0
1009,1,1,0,1,356.6700180360087,128,0.19678845032231984,6,22158,443,1620000208.9044523,1620000200.8004003,1620000208.9044523,1620000192.6963482,0
1006,0,1,1,1,362.3129112111492,255,0.11644272896926333,17,45089,502,1620000210.7053528,1620000202.6013007,1620000210.7053528,1620000194.4972486,1
1006,0,0,1,1,584.5757693506662,128,0.27927896055562357,17,50673,502,1620000212.5062532,1620000204.4022012,1620000212.5062532,1620000196.298149,0
1008,1,1,1,1,40.0,255,0.1281254102704289,17,57167,1883,1620000214.3071535,1620000206.2031016,1620000214.3071535,1620000198.0990496,0
1009,1,1,0,0,454.4741477030395,64,0.021128538439715416,17,4611,1883,1620000216.108054,1620000208.004002,1620000216.108054,1620000199.89995,0
1009,1,0,0,0,282.4636246924654,64,0.05836761731634939,1,31047,443,1620000217.9089544,1620000209.8049026,1620000217.9089544,1620000201.7008505,0
1002,1,0,1,0,289.6894627549438,64,0.007418815541776734,17,46177,80,1620000219.7098548,1620000211.605803,1620000219.7098548,1620000203.501751,0
1006,1,0,0,1,394.869325183255,128,0.049373487664825015,17,3437,443,1620000221.5107553,1620000213.4067035,1620000221.5107553,1620000205.3026514,0
1000,0,1,0,0,497.13205800536844,255,0.13532581934314827,17,53976,80,1620000223.3116558,1620000215.2076037,1620000223.3116558,1620000207.1035519,0
1003,1,1,1,1,457.1176276586613,128,0.048848268157293734,1,26062,443,1620000225.1125562,1620000217.0085042,1620000225.1125562,1620000208.9044523,0
1003,1,1,1,0,287.18789804035913,255,0.040091673087853004,1,23579,22,1620000226.9134567,1620000218.8094049,1620000226.9134567,1620000210.7053528,0
1004,0,1,0,0,644.3393036891154,64,0.09047469250168894,1,11976,22,1620000228.7143571,1620000220.610305,1620000228.7143571,1620000212.5062532,0
1006,0,0,1,0,319.4792026279019,128,0.20573241758426672,6,4481,80,1620000230.5152576,1620000222.4112055,1620000230.5152576,1620000214.3071535,0
1006,1,1,1,0,353.05874881477644,64,0.00487525170515117,1,9488,1883,1620000232.316158,1620000224.212106,1620000232.316158,1620000216.108054,0
1003,0,0,1,1,556.8983571789033,128,0.04868982383583859,17,57145,80,1620000234.1170585,1620000226.0130064,1620000234.1170585,1620000217.9089544,0
1006,1,1,0,1,564.0737128585483,64,0.01722612222669722,1,2174,443,1620000235.917959,1620000227.813907,1620000235.917959,1620000219.7098548,0
1002,0,0,0,0,377.6600677734043,128,0.11886056552222302,1,48329,502,1620000237.7188594,1620000229.6148074,1620000237.7188594,1620000221.5107553,0
1005,0,0,0,1,40.0,128,0.011174145330929974,17,33288,22,1620000239.51976,1620000231.4157078,1620000239.51976,1620000223.3116558,0
1001,1,0,1,0,322.90182268243035,255,0.10930510567645327,1,41246,502,1620000241.3206604,1620000233.2166085,1620000241.3206604,1620000225.1125562,0
1009,0,1,0,0,532.3776372480513,64,0.03371256691788447,6,48577,22,1620000243.1215608,1620000235.0175087,1620000243.1215608,1620000226.9134567,0
1008,0,0,1,0,637.721610738006,255,0.022179048429392473,1,55383,443,1620000244.9224613,1620000236.8184092,1620000244.9224613,1620000228.7143571,0
1004,0,0,0,0,484.14066849431066,255,0.27543961405675804,6,45373,22,1620000246.7233617,1620000238.6193097,1620000246.7233617,1620000230.5152576,0
1005,0,1,0,1,404.20279058487694,64,0.0018698305564818125,6,33810,80,1620000248.5242622,1620000240.4202101,1620000248.5242622,1620000232.316158,0
1003,0,0,1,0,958.6422011398648,128,0.05758571942360881,6,10832,502,1620000250.3251626,1620000242.2211106,1620000250.3251626,1620000234.1170585,0
1009,0,1,0,0,425.5027756989291,255,0.002186428336033926,17,53354,502,1620000252.126063,1620000244.022011,1620000252.126063,1620000235.917959,0
1006,1,1,1,1,622.4465373582211,64,0.06608601578700729,1,50160,443,1620000253.9269636,1620000245.8229115,1620000253.9269636,1620000237.7188594,0
1008,1,0,0,0,232.98958091462077,128,0.06952441332180219,6,39369,502,1620000255.727864,1620000247.6238122,1620000255.727864,1620000239.51976,0
1006,0,0,0,1,281.9664301582066,255,0.03881102851166278,6,5105,443,1620000257.5287645,1620000249.4247124,1620000257.5287645,1620000241.3206604,0
1000,1,1,1,0,629.4651222924449,255,0.01417499613297539,1,40246,1883,1620000259.329665,1620000251.2256129,1620000259.329665,1620000243.1215608,1
1000,1,0,1,0,708.9122551570741,255,0.04722261576083281,17,58779,80,1620000261.1305652,1620000253.0265133,1620000261.1305652,1620000244.9224613,0
1008,1,1,1,0,422.0566219613192,128,0.11155436382239546,17,9957,22,1620000262.9314656,1620000254.8274138,1620000262.9314656,1620000246.7233617,0
1008,0,1,0,0,130.27286167389587,255,0.1525077502441641,6,3695,22,1620000264.732366,1620000256.6283143,1620000264.732366,1620000248.5242622,0
1003,1,1,0,0,466.4885321197549,128,0.07566208872417395,17,44763,22,1620000266.5332665,1620000258.4292147,1620000266.5332665,1620000250.3251626,0
1008,0,0,0,0,537.8811801559123,255,0.08911942848352959,1,48762,1883,1620000268.334167,1620000260.2301152,1620000268.334167,1620000252.126063,0
1002,1,1,1,1,519.7636077857649,64,0.022391431217988172,17,32241,80,1620000270.1350675,1620000262.0310156,1620000270.1350675,1620000253.9269636,0
1006,0,0,1,0,387.32206700779903,255,0.03387372663841957,1,40179,502,1620000271.935968,1620000263.831916,1620000271.935968,1620000255.727864,0
1005,0,0,1,1,469.42317614781234,64,0.01766126159150472,6,40625,502,1620000273.7368684,1620000265.6328163,1620000273.7368684,1620000257.5287645,0
1007,1,0,0,1,350.04463114317883,64,0.028674298020977797,1,20032,80,1620000275.5377688,1620000267.433717,1620000275.5377688,1620000259.329665,0
1008,1,0,0,0,277.632355252628,64,0.02547461702673276,6,22907,80,1620000277.3386693,1620000269.2346172,1620000277.3386693,1620000261.1305652,0
1004,0,1,1,1,651.133704129361,128,0.07328214722581981,1,34306,22,1620000279.1395698,1620000271.0355177,1620000279.1395698,1620000262.9314656,0
1000,1,0,0,0,519.5596626805421,64,0.08271101080896445,1,33998,502,1620000280.9404702,1620000272.8364182,1620000280.9404702,1620000264.732366,0
1002,1,1,1,1,469.86328827553405,255,0.2899466565348814,17,34739,80,1620000282.7413707,1620000274.6373186,1620000282.7413707,1620000266.5332665,0
1009,1,1,0,0,398.57045144556776,128,0.021762213132364497,1,44425,502,1620000284.5422711,1620000276.438219,1620000284.5422711,1620000268.334167,0
1007,0,0,0,1,463.965288692984,64,0.10263168650669474,6,16404,80,1620000286.3431716,1620000278.2391195,1620000286.3431716,1620000270.1350675,0
1005,0,1,1,1,532.0632857573993,128,0.16996869011324955,1,19236,443,1620000288.144072,1620000280.04002,1620000288.144072,1620000271.935968,0
1007,1,1,0,0,845.7363151628613,128,0.08215294840305343,6,29198,22,1620000289.9449725,1620000281.8409204,1620000289.9449725,1620000273.7368684,0
1008,1,0,0,1,630.9073699654288,128,0.02943759633006034,6,7885,80,1620000291.745873,1620000283.641821,1620000291.745873,1620000275.5377688,0
1003,1,1,1,0,366.7381756101828,255,0.03045573015893467,1,7118,1883,1620000293.5467734,1620000285.4427214,1620000293.5467734,1620000277.3386693,0
1000,0,1,1,0,368.8472514588618,64,0.004004422734186856,17,40137,80,1620000295.347674,1620000287.2436218,1620000295.347674,1620000279.1395698,0
1000,0,1,0,0,337.66377993508087,128,0.036448281266660214,1,52343,443,1620000297.1485744,1620000289.0445223,1620000297.1485744,1620000280.9404702,1
1009,1,1,1,0,459.8958937494051,128,0.1364938740355813,1,47752,1883,1620000298.9494748,1620000290.8454227,1620000298.9494748,1620000282.7413707,0
1003,1,0,0,0,337.5097099518231,128,0.004868381489218277,17,25387,1883,1620000300.7503753,1620000292.6463232,1620000300.7503753,1620000284.5422711,0
1006,1,1,1,1,594.9647489979251,64,0.02475582832263077,6,23334,80,1620000302.5512757,1620000294.4472237,1620000302.5512757,1620000286.3431716,0
1001,1,1,0,1,40.0,128,0.122496663583228,1,40324,443,1620000304.3521762,1620000296.2481241,1620000304.3521762,1620000288.144072,0
1002,1,1,0,1,607.0336618549488,128,0.1526253511924586,17,55832,1883,1620000306.1530766,1620000298.0490246,1620000306.1530766,1620000289.9449725,0
1000,1,1,1,0,555.0754975610861,255,0.060755389369853356,17,6967,22,1620000307.9539769,1620000299.8499248,1620000307.9539769,1620000291.745873,0
1004,0,0,0,1,752.5484966295279,64,0.11975744458109228,6,15593,22,1620000309.7548773,1620000301.6508255,1620000309.7548773,1620000293.5467734,0
1000,1,1,0,1,675.3579109107906,255,0.049094484373115574,17,43640,502,1620000311.5557778,1620000303.4517257,1620000311.5557778,1620000295.347674,0
1007,0,0,1,1,363.2604429491893,64,0.017425011274458068,6,9817,502,1620000313.3566782,1620000305.2526262,1620000313.3566782,1620000297.1485744,0
1000,1,1,1,1,652.8596161877015,64,0.05077461926229873,1,39231,443,1620000315.1575787,1620000307.0535266,1620000315.1575787,1620000298.9494748,0
1000,1,0,0,1,466.38650455713986,64,0.08674239520758298,17,26311,1883,1620000316.9584792,1620000308.854427,1620000316.9584792,1620000300.7503753,0
1001,0,0,1,0,113.13864851114599,255,0.2957536736731557,1,63445,22,1620000318.7593796,1620000310.6553276,1620000318.7593796,1620000302.5512757,0
1001,0,0,1,0,531.7663879457783,255,0.007122853166599357,17,34995,22,1620000320.56028,1620000312.456228,1620000320.56028,1620000304.3521762,0
1005,0,0,0,1,375.14931588586103,255,0.07080458036090714,17,57176,443,1620000322.3611805,1620000314.2571285,1620000322.3611805,1620000306.1530766,0
1006,0,0,0,0,500.04430327939997,255,0.03988665935839622,1,43375,1883,1620000324.162081,1620000316.058029,1620000324.162081,1620000307.9539769,0
1004,1,1,1,0,830.2899660550488,128,0.07099102882041891,17,48203,443,1620000325.9629815,1620000317.8589292,1620000325.9629815,1620000309.7548773,0
1000,0,1,1,1,544.9573805464316,128,0.002426753650895647,1,61064,80,1620000327.763882,1620000319.6598296,1620000327.763882,1620000311.5557778,0
1000,1,1,1,1,296.53302976200075,128,0.037545789384780565,1,32393,22,1620000329.5647824,1620000321.4607303,1620000329.5647824,1620000313.3566782,0
1002,0,0,0,0,692.8830011232408,64,0.17140661825103098,6,24047,443,1620000331.3656828,1620000323.2616308,1620000331.3656828,1620000315.1575787,0
1001,1,1,0,1,572.5085140272877,128,0.0807305693913411,1,57865,443,1620000333.1665833,1620000325.0625312,1620000333.1665833,1620000316.9584792,0
1004,1,0,0,0,272.9676341936184,64,0.0598896639822335,6,61640,80,1620000334.9674838,1620000326.8634317,1620000334.9674838,1620000318.7593796,0
1009,1,0,0,0,178.7524465050689,255,0.033620737210239206,1,46909,502,1620000336.7683842,1620000328.6643322,1620000336.7683842,1620000320.56028,0
1005,1,1,0,1,304.53248815625585,64,0.03538824505678515,17,24921,22,1620000338.5692847,1620000330.4652326,1620000338.5692847,1620000322.3611805,0
1006,1,1,0,0,667.2603601343444,64,0.04830506666314334,1,24034,443,1620000340.3701851,1620000332.2661328,1620000340.3701851,1620000324.162081,0
1003,1,0,0,0,439.6795732713908,128,0.18052746489966406,17,41178,22,1620000342.1710856,1620000334.0670333,1620000342.1710856,1620000325.9629815,1
1006,0,0,1,0,516.2285037910822,255,0.34177294912694933,6,36923,502,1620000343.971986,1620000335.867934,1620000343.971986,1620000327.763882,0
1007,1,1,1,1,232.29406584476627,255,0.05774202685673614,17,57310,443,1620000345.7728865,1620000337.6688344,1620000345.7728865,1620000329.5647824,0
1000,0,1,0,1,672.6437958034846,128,0.049980793987831035,1,21138,80,1620000347.573787,1620000339.469735,1620000347.573787,1620000331.3656828,0
1005,0,1,0,1,96.96326712845256,255,0.18743855537770895,17,20074,22,1620000349.3746874,1620000341.2706354,1620000349.3746874,1620000333.1665833,0
1007,1,1,0,1,368.924496786463,255,0.055670434142549574,6,50725,80,1620000351.175588,1620000343.0715358,1620000351.175588,1620000334.9674838,0
1004,0,0,1,0,583.6927718227588,255,0.08030026105497949,17,22149,502,1620000352.9764884,1620000344.8724363,1620000352.9764884,1620000336.7683842,0
1003,1,1,0,1,275.4737109921309,128,0.02625884535743588,17,29582,502,1620000354.7773888,1620000346.6733365,1620000354.7773888,1620000338.5692847,0
1001,0,1,1,1,622.8258558900886,255,0.13606365004984464,1,51420,22,1620000356.578289,1620000348.474237,1620000356.578289,1620000340.3701851,0
1005,1,1,1,1,326.1612042896795,64,0.07592620224161421,1,45870,502,1620000358.3791895,1620000350.2751377,1620000358.3791895,1620000342.1710856,0
1005,0,0,1,1,254.78588143673866,64,0.1655662758609003,17,21420,1883,1620000360.18009,1620000352.0760381,1620000360.18009,1620000343.971986,0
1000,1,0,1,0,757.2964129288948,255,0.15174638824335984,6,28149,22,1620000361.9809904,1620000353.8769383,1620000361.9809904,1620000345.7728865,0
1008,1,0,1,0,530.786038619801,128,0.024207763544751258,17,61572,1883,1620000363.7818909,1620000355.6778388,1620000363.7818909,1620000347.573787,0
1005,1,0,0,0,603.8072156099253,128,0.12574985908276376,6,59213,502,1620000365.5827913,1620000357.4787393,1620000365.5827913,1620000349.3746874,0
1002,1,1,0,1,703.6419169105394,128,0.16097099892004843,6,23604,22,1620000367.3836918,1620000359.2796397,1620000367.3836918,1620000351.175588,0
1003,0,0,1,1,40.0,255,0.04248119177020834,6,54721,1883,1620000369.1845922,1620000361.0805402,1620000369.1845922,1620000352.9764884,0
1003,1,1,0,0,626.9565279940639,255,0.018947803891718903,17,39997,502,1620000370.9854927,1620000362.8814406,1620000370.9854927,1620000354.7773888,0
1002,0,1,1,1,347.7949631011305,64,0.000263562579184904,6,24598,443,1620000372.7863932,1620000364.682341,1620000372.7863932,1620000356.578289,0
1009,0,1,1,1,374.1454418452172,128,0.05994813575935039,17,25643,443,1620000374.5872936,1620000366.4832416,1620000374.5872936,1620000358.3791895,0
1002,0,1,0,0,587.4882155331173,64,0.04345326012892836,6,65331,80,1620000376.388194,1620000368.284142,1620000376.388194,1620000360.18009,0
1002,1,0,0,0,427.39184531810946,64,0.0809478396723623,6,14893,443,1620000378.1890945,1620000370.0850425,1620000378.1890945,1620000361.9809904,0
1003,0,0,0,1,618.9042150913041,128,0.02083055467374538,17,1682,1883,1620000379.989995,1620000371.885943,1620000379.989995,1620000363.7818909,0
1006,0,0,0,1,491.83140649678364,255,0.19637267601265582,1,63191,443,1620000381.7908955,1620000373.6868434,1620000381.7908955,1620000365.5827913,0
1003,0,1,0,1,533.6418029368112,255,0.029807619214383782,1,57171,22,1620000383.591796,1620000375.4877439,1620000383.591796,1620000367.3836918,0
1008,1,1,1,0,401.9556815969421,64,0.025673860481997414,17,48174,22,1620000385.3926964,1620000377.2886443,1620000385.3926964,1620000369.1845922,0
1000,1,1,0,0,287.01334216837233,64,0.06553005966367757,17,13146,22,1620000387.1935968,1620000379.0895448,1620000387.1935968,1620000370.9854927,0
1007,0,1,0,0,351.93648585049897,64,0.06908518643034796,1,44851,443,1620000388.9944973,1620000380.8904452,1620000388.9944973,1620000372.7863932,0
1006,1,1,0,0,479.4351739040111,64,0.024218013879481762,1,14359,443,1620000390.7953978,1620000382.6913457,1620000390.7953978,1620000374.5872936,0
1001,1,0,1,1,867.4476785549077,128,0.03172629396403455,1,55952,80,1620000392.5962982,1620000384.4922462,1620000392.5962982,1620000376.388194,0
1007,0,1,0,0,794.3812798227084,64,0.01859745076885884,17,64600,502,1620000394.3971987,1620000386.2931466,1620000394.3971987,1620000378.1890945,0
1000,0,0,1,0,369.3408044281211,64,0.12674813789673545,6,22701,80,1620000396.1980991,1620000388.094047,1620000396.1980991,1620000379.989995,0
1008,1,1,0,1,512.051535466495,255,0.14700631374075998,17,29247,1883,1620000397.9989996,1620000389.8949475,1620000397.9989996,1620000381.7908955,0
1008,0,1,0,1,442.45540521079045,255,0.06205074953794022,1,30838,22,1620000399.7999,1620000391.695848,1620000399.7999,1620000383.591796,0
1001,1,0,1,1,526.0533237738048,255,0.12520677895857907,6,61150,443,1620000401.6008005,1620000393.4967484,1620000401.6008005,1620000385.3926964,0
1006,1,0,0,0,551.7825495085552,128,0.13315614782670368,17,19099,502,1620000403.4017007,1620000395.297649,1620000403.4017007,1620000387.1935968,0
1009,1,1,0,1,605.5030031511202,128,0.01488196970907267,1,44209,502,1620000405.2026012,1620000397.0985494,1620000405.2026012,1620000388.9944973,0
1002,1,1,1,1,40.0,255,0.33866445349265933,17,12282,443,1620000407.0035017,1620000398.8994498,1620000407.0035017,1620000390.7953978,0
1006,1,1,0,0,573.299733177388,255,0.17205479644690674,6,31551,80,1620000408.804402,1620000400.7003503,1620000408.804402,1620000392.5962982,0
1009,1,1,1,0,420.2157941566706,64,0.022876364096890357,1,11163,502,1620000410.6053026,1620000402.5012507,1620000410.6053026,1620000394.3971987,0
1008,0,0,1,1,359.0124171536793,64,0.020599768015226446,17,43349,80,1620000412.406203,1620000404.3021512,1620000412.406203,1620000396.1980991,0
1003,0,1,1,0,658.851335632414,128,0.013428727317835721,6,41527,443,1620000414.2071035,1620000406.1030514,1620000414.2071035,1620000397.9989996,0
1000,1,0,1,1,793.3648832809538,128,0.014893927246285348,6,20538,80,1620000416.008004,1620000407.9039521,1620000416.008004,1620000399.7999,1
1001,1,1,1,1,637.8006288082814,64,0.13789684573169564,17,57220,22,1620000417.8089044,1620000409.7048526,1620000417.8089044,1620000401.6008005,0
1000,1,0,0,0,396.2896785577811,255,0.06342261397464272,6,21941,443,1620000419.6098049,1620000411.5057528,1620000419.6098049,1620000403.4017007,0
1004,0,0,0,1,284.79886997221786,64,0.15275546200142362,1,55723,443,1620000421.4107053,1620000413.3066533,1620000421.4107053,1620000405.2026012,0
1004,1,1,0,0,40.0,128,0.13714250368917846,6,30121,502,1620000423.2116058,1620000415.1075537,1620000423.2116058,1620000407.0035017,0
1006,0,0,1,0,536.5031993162712,128,0.09278895222911897,17,51143,502,1620000425.0125062,1620000416.9084542,1620000425.0125062,1620000408.804402,0
1008,1,1,1,0,615.8032215588873,64,0.11595305120508076,1,18812,502,1620000426.8134067,1620000418.7093549,1620000426.8134067,1620000410.6053026,0
1008,1,0,1,1,479.62729798039396,64,0.0018526281039439214,6,26085,22,1620000428.6143072,1620000420.510255,1620000428.6143072,1620000412.406203,0
1002,0,1,1,0,686.7492417675984,64,0.037364330547931715,6,10971,22,1620000430.4152076,1620000422.3111556,1620000430.4152076,1620000414.2071035,0
1002,0,0,0,0,235.96195283350153,128,0.10156199702487534,1,16568,1883,1620000432.216108,1620000424.1120563,1620000432.216108,1620000416.008004,0
1002,1,1,0,1,465.7522087089903,255,0.0009388891510842025,1,21038,443,1620000434.0170085,1620000425.9129565,1620000434.0170085,1620000417.8089044,0
1003,1,1,1,1,449.93980808242196,64,0.003353294067202427,6,15819,502,1620000435.817909,1620000427.713857,1620000435.817909,1620000419.6098049,0
1007,1,0,1,1,477.97826314878677,128,0.19097864163034972,1,33656,443,1620000437.6188095,1620000429.5147574,1620000437.6188095,1620000421.4107053,0
1005,0,0,0,1,733.5863325907815,128,0.11520917447310962,17,20376,80,1620000439.41971,1620000431.3156579,1620000439.41971,1620000423.2116058,0
1007,0,0,1,0,479.0315551802475,128,0.030838794459446362,6,24677,22,1620000441.2206104,1620000433.1165586,1620000441.2206104,1620000425.0125062,0
1000,0,0,1,0,441.0415098454941,64,0.11646329960811318,17,2603,1883,1620000443.0215108,1620000434.9174588,1620000443.0215108,1620000426.8134067,0
1007,0,1,1,0,312.6613040378937,64,0.15724151376867235,6,32782,80,1620000444.8224113,1620000436.7183592,1620000444.8224113,1620000428.6143072,0
1003,0,0,0,1,765.7158942842918,255,0.036642847407443536,17,44779,443,1620000446.6233118,1620000438.51926,1620000446.6233118,1620000430.4152076,0
1000,0,1,0,1,213.7607554842746,128,0.0036702758462702867,17,39784,22,1620000448.4242122,1620000440.3201602,1620000448.4242122,1620000432.216108,0
1007,1,0,1,0,389.4001134305175,64,0.2699771435165294,1,33842,502,1620000450.2251124,1620000442.1210606,1620000450.2251124,1620000434.0170085,0
1003,1,1,0,1,838.7874134194986,128,0.04233946433294149,6,7476,80,1620000452.026013,1620000443.921961,1620000452.026013,1620000435.817909,0
1005,0,1,1,1,593.6486596143069,128,0.011258853416532183,1,38945,22,1620000453.8269134,1620000445.7228615,1620000453.8269134,1620000437.6188095,0
1007,1,1,1,0,495.964669659746,255,0.06769921218614268,1,60027,443,1620000455.6278138,1620000447.523762,1620000455.6278138,1620000439.41971,0
1003,1,1,0,0,504.33841110525685,64,0.14630363035289562,6,16364,443,1620000457.4287143,1620000449.3246624,1620000457.4287143,1620000441.2206104,1
1002,0,0,1,1,310.72440252843654,64,0.025057553440994862,17,47692,80,1620000459.2296147,1620000451.1255627,1620000459.2296147,1620000443.0215108,0
1008,1,0,1,1,486.29455102849505,128,0.03140124272590413,6,56199,80,1620000461.0305152,1620000452.9264634,1620000461.0305152,1620000444.8224113,0
1002,0,1,0,1,430.02683220084134,128,0.027801559283578914,6,48762,80,1620000462.8314157,1620000454.7273636,1620000462.8314157,1620000446.6233118,0
1008,0,0,1,0,535.9257198910008,255,0.4788258376371876,6,54476,1883,1620000464.632316,1620000456.528264,1620000464.632316,1620000448.4242122,0
1001,1,0,1,0,198.75172287473828,255,0.021990347320417658,1,3811,502,1620000466.4332166,1620000458.3291645,1620000466.4332166,1620000450.2251124,0
1001,0,1,1,0,579.5704015538638,255,0.08568908997267527,6,47173,22,1620000468.234117,1620000460.130065,1620000468.234117,1620000452.026013,0
1001,0,0,0,0,703.3259349772618,255,0.25938019609069124,6,49381,443,1620000470.0350175,1620000461.9309654,1620000470.0350175,1620000453.8269134,0
1005,0,0,1,0,459.2353749758853,255,0.015887448312947264,6,16863,443,1620000471.835918,1620000463.731866,1620000471.835918,1620000455.6278138,0
1002,0,0,0,1,629.4196786611615,255,0.35354443857394946,17,62996,502,1620000473.6368184,1620000465.5327663,1620000473.6368184,1620000457.4287143,0
1008,0,1,1,1,562.0692549689155,128,0.2946508572815588,17,3179,80,1620000475.4377189,1620000467.3336668,1620000475.4377189,1620000459.2296147,0
1003,0,0,1,1,378.4519719667888,255,0.21591082079040969,17,8043,80,1620000477.2386193,1620000469.1345673,1620000477.2386193,1620000461.0305152,0
1000,0,1,1,0,288.294862708577,128,0.02415067797379193,17,55536,443,1620000479.0395198,1620000470.9354677,1620000479.0395198,1620000462.8314157,0
1003,0,0,1,0,316.32230225586824,128,0.10052723831554528,1,62714,502,1620000480.8404202,1620000472.7363682,1620000480.8404202,1620000464.632316,1
1000,1,0,0,0,558.578513830943,64,0.14308377420891114,1,21638,443,1620000482.6413207,1620000474.5372686,1620000482.6413207,1620000466.4332166,0
1004,1,0,0,1,488.7709736029591,128,0.4270694812946098,6,61529,80,1620000484.4422212,1620000476.338169,1620000484.4422212,1620000468.234117,0
1003,1,1,1,0,755.0186043763396,128,0.019896792853683776,1,27214,22,1620000486.2431216,1620000478.1390696,1620000486.2431216,1620000470.0350175,0
1007,0,1,1,0,658.1740224407788,255,0.1452544851456503,17,41399,80,1620000488.044022,1620000479.93997,1620000488.044022,1620000471.835918,0
1007,0,0,1,1,657.7569966254603,128,0.041370068243658076,6,11952,22,1620000489.8449225,1620000481.7408705,1620000489.8449225,1620000473.6368184,0
1006,1,1,1,0,552.6161603424445,255,0.01931315333050145,6,49449,1883,1620000491.645823,1620000483.541771,1620000491.645823,1620000475.4377189,0
1002,1,0,1,1,307.5602101356671,255,0.054710403451013426,17,9622,502,1620000493.4467235,1620000485.3426714,1620000493.4467235,1620000477.2386193,0
1000,1,1,1,0,565.0678591949984,255,0.15790828842966612,17,45363,1883,1620000495.247624,1620000487.1435719,1620000495.247624,1620000479.0395198,0
1000,0,1,1,0,512.7706330056445,64,0.06252078307463486,17,21605,80,1620000497.0485244,1620000488.9444723,1620000497.0485244,1620000480.8404202,0
1002,1,0,1,1,272.32372228885043,255,0.07711586696619892,1,59752,502,1620000498.8494246,1620000490.7453728,1620000498.8494246,1620000482.6413207,0
1005,1,0,0,1,741.9898517117423,128,0.5330718706198774,6,49998,80,1620000500.650325,1620000492.546273,1620000500.650325,1620000484.4422212,0
1006,0,0,0,1,720.4578749858304,255,0.05093422238103144,17,45679,502,1620000502.4512255,1620000494.3471737,1620000502.4512255,1620000486.2431216,0
1005,1,0,0,1,271.17017111658794,255,0.09555534081518996,6,48820,502,1620000504.252126,1620000496.148074,1620000504.252126,1620000488.044022,0
1005,0,1,1,1,372.4410189766943,255,0.04545149235282757,6,49767,80,1620000506.0530264,1620000497.9489744,1620000506.0530264,1620000489.8449225,0
1005,0,1,1,1,390.00995611190467,64,0.04988734140640178,1,47631,80,1620000507.853927,1620000499.7498748,1620000507.853927,1620000491.645823,0
1002,0,1,1,0,621.970308759923,128,0.11895465431841999,6,14943,502,1620000509.6548274,1620000501.5507753,1620000509.6548274,1620000493.4467235,0
1005,1,0,0,0,598.9450360907992,64,0.2778799587311786,17,39204,502,1620000511.4557278,1620000503.3516757,1620000511.4557278,1620000495.247624,0
1007,1,0,1,1,508.8814425572713,128,0.07816701368479449,17,5523,80,1620000513.2566283,1620000505.1525762,1620000513.2566283,1620000497.0485244,0
1001,0,1,0,0,554.771456079825,64,0.14627432264991466,6,38701,80,1620000515.0575287,1620000506.9534767,1620000515.0575287,1620000498.8494246,0
1004,1,0,1,1,242.4735607108933,128,0.009343914597895948,6,57345,443,1620000516.8584292,1620000508.7543771,1620000516.8584292,1620000500.650325,0
1000,1,1,0,0,576.2722562716906,64,0.023718927912683683,1,49270,443,1620000518.6593297,1620000510.5552776,1620000518.6593297,1620000502.4512255,0
1000,1,1,0,1,479.8229248907859,255,0.06974195760970958,17,44886,443,1620000520.46023,1620000512.3561778,1620000520.46023,1620000504.252126,0
1004,1,1,0,0,364.1913634882821,64,0.002021467027558024,17,59997,1883,1620000522.2611306,1620000514.1570785,1620000522.2611306,1620000506.0530264,0
1002,0,1,1,0,193.4987452139362,64,0.029149597448896947,6,53438,502,1620000524.062031,1620000515.957979,1620000524.062031,1620000507.853927,0
1003,1,1,0,0,505.3922312372704,255,0.07285697984532234,6,26626,22,1620000525.8629315,1620000517.7588794,1620000525.8629315,1620000509.6548274,0
1002,0,0,1,0,571.391979243562,255,0.0015074245952720325,6,53165,1883,1620000527.663832,1620000519.55978,1620000527.663832,1620000511.4557278,0
1000,0,0,1,0,159.50363965868252,128,0.03072676725674797,17,30716,502,1620000529.4647324,1620000521.3606803,1620000529.4647324,1620000513.2566283,0
1000,1,0,1,1,503.697214131286,128,0.07216100716518337,6,41446,22,1620000531.2656329,1620000523.1615808,1620000531.2656329,1620000515.0575287,0
1004,0,1,1,1,524.4479503696991,128,0.0851320853740436,1,49774,443,1620000533.0665333,1620000524.9624813,1620000533.0665333,1620000516.8584292,0
1005,1,1,1,1,389.1540913704679,64,0.2600340303650956,1,52400,22,1620000534.8674338,1620000526.7633815,1620000534.8674338,1620000518.6593297,0
1002,1,1,0,0,575.9676404790348,128,0.10366115503714429,6,22784,80,1620000536.6683342,1620000528.5642822,1620000536.6683342,1620000520.46023,0
1008,0,1,1,1,473.46751674453606,64,0.05356919140928732,1,3944,80,1620000538.4692347,1620000530.3651826,1620000538.4692347,1620000522.2611306,0
1004,0,0,1,0,556.6342010672728,64,0.2664289479589274,1,25109,502,1620000540.2701352,1620000532.166083,1620000540.2701352,1620000524.062031,0
1007,0,0,1,0,606.8493865750112,128,0.15365731355994472,1,64988,1883,1620000542.0710356,1620000533.9669836,1620000542.0710356,1620000525.8629315,0
1000,0,1,1,0,606.9613812301047,128,0.022315470276732148,1,23949,443,1620000543.871936,1620000535.767884,1620000543.871936,1620000527.663832,0
1004,1,1,1,1,703.3640986893004,64,0.014023076780777216,1,6639,502,1620000545.6728363,1620000537.5687842,1620000545.6728363,1620000529.4647324,0
1002,1,1,0,0,567.665037756916,255,0.11264305609561474,17,38107,443,1620000547.4737368,1620000539.3696847,1620000547.4737368,1620000531.2656329,0
1000,1,0,0,1,404.59185184463587,255,0.08207150545378371,6,56276,80,1620000549.2746372,1620000541.1705852,1620000549.2746372,1620000533.0665333,0
1003,0,0,1,1,370.4419910493606,64,0.15590947347801287,1,46252,1883,1620000551.0755377,1620000542.9714859,1620000551.0755377,1620000534.8674338,0
1004,0,0,0,0,287.3382494262755,128,0.13424882159118157,6,3807,1883,1620000552.8764381,1620000544.772386,1620000552.8764381,1620000536.6683342,1
1006,0,1,0,0,530.2359286225812,64,0.0981393502457215,1,10629,80,1620000554.6773386,1620000546.5732865,1620000554.6773386,1620000538.4692347,1
1000,1,1,1,1,764.2623429305047,64,0.42963754350917055,17,46581,22,1620000556.478239,1620000548.374187,1620000556.478239,1620000540.2701352,0
1002,0,0,0,1,428.30947880256997,128,0.07626896246994477,17,45632,1883,1620000558.2791395,1620000550.1750875,1620000558.2791395,1620000542.0710356,0
1001,1,1,1,1,589.921649541992,255,0.012002953320791784,1,64276,22,1620000560.08004,1620000551.975988,1620000560.08004,1620000543.871936,0
1008,0,0,0,1,349.5439990969679,64,0.17618525614618138,1,20216,443,1620000561.8809404,1620000553.7768884,1620000561.8809404,1620000545.6728363,0
1009,1,1,0,1,538.9609830321269,255,0.029015628057614592,1,4355,1883,1620000563.681841,1620000555.5777888,1620000563.681841,1620000547.4737368,0
1005,1,0,0,1,751.869425614888,255,0.15019393506742654,17,52354,80,1620000565.4827414,1620000557.3786893,1620000565.4827414,1620000549.2746372,0
1009,0,1,1,0,637.2495946663885,128,0.3149048874656172,17,32880,22,1620000567.2836418,1620000559.1795897,1620000567.2836418,1620000551.0755377,0
1002,0,0,0,1,185.83759337216864,64,0.1193347829691255,6,50973,443,1620000569.0845423,1620000560.9804902,1620000569.0845423,1620000552.8764381,0
1007,1,0,0,1,614.1389632071089,64,0.09064150596242106,17,3870,443,1620000570.8854427,1620000562.7813907,1620000570.8854427,1620000554.6773386,0
1007,1,0,1,1,623.2451557587104,255,0.06169015353974693,1,34721,1883,1620000572.6863432,1620000564.5822911,1620000572.6863432,1620000556.478239,0
1001,0,0,1,1,534.6973946454177,255,0.045320136677391175,6,38610,1883,1620000574.4872437,1620000566.3831916,1620000574.4872437,1620000558.2791395,0
1005,0,0,0,0,633.5044225404682,128,0.04354163275867693,17,53267,502,1620000576.288144,1620000568.184092,1620000576.288144,1620000560.08004,0
1006,1,0,1,0,333.2995920564924,255,0.10116258526908786,17,36054,502,1620000578.0890446,1620000569.9849925,1620000578.0890446,1620000561.8809404,0
1001,0,1,0,1,512.6526309608172,128,0.1391399839674968,1,59701,1883,1620000579.889945,1620000571.785893,1620000579.889945,1620000563.681841,1
1009,1,1,0,1,722.0347881876204,64,0.11348108299780796,6,59642,502,1620000581.6908455,1620000573.5867934,1620000581.6908455,1620000565.4827414,0
1001,1,1,1,1,703.9898966932735,128,0.02211581500203083,17,13799,80,1620000583.491746,1620000575.387694,1620000583.491746,1620000567.2836418,0
1009,0,0,1,0,609.6089948011942,255,0.06811932743308145,17,8573,80,1620000585.2926464,1620000577.1885943,1620000585.2926464,1620000569.0845423,0
1000,0,0,1,0,323.4009552998234,64,0.15684882725395652,1,53656,502,1620000587.0935469,1620000578.9894948,1620000587.0935469,1620000570.8854427,0
1007,0,1,0,0,291.9072458761443,128,0.064569901778419,6,53518,1883,1620000588.8944473,1620000580.7903953,1620000588.8944473,1620000572.6863432,0
1000,0,0,1,0,522.9087348886709,64,0.07692149050508945,6,23461,80,1620000590.6953478,1620000582.5912957,1620000590.6953478,1620000574.4872437,0
1008,0,0,0,0,536.1548477451681,128,0.14746275487891547,6,24982,443,1620000592.496248,1620000584.3921962,1620000592.496248,1620000576.288144,0
1005,1,0,1,0,479.9256455445487,255,0.10825380923554745,6,25267,1883,1620000594.2971485,1620000586.1930966,1620000594.2971485,1620000578.0890446,0
1006,1,0,0,1,339.0430043606695,255,0.052652305442436535,1,43201,22,1620000596.098049,1620000587.993997,1620000596.098049,1620000579.889945,0
1009,0,0,1,0,587.3922150780787,64,0.22577332566689626,17,43448,22,1620000597.8989494,1620000589.7948976,1620000597.8989494,1620000581.6908455,0
1006,0,1,0,0,522.0330697389082,64,0.01774141004758921,17,30008,1883,1620000599.6998498,1620000591.595798,1620000599.6998498,1620000583.491746,0
1009,0,1,1,1,557.9648633100946,64,0.5407339821222105,6,37966,502,1620000601.5007503,1620000593.3966985,1620000601.5007503,1620000585.2926464,0
1002,1,1,0,0,618.686751924822,128,0.012653033273858026,6,64691,80,1620000603.3016508,1620000595.197599,1620000603.3016508,1620000587.0935469,0
1001,0,1,1,1,445.2700424643975,255,0.0015062848342737136,6,57323,80,1620000605.1025512,1620000596.9984994,1620000605.1025512,1620000588.8944473,0
1008,0,1,1,0,402.24832452411266,64,0.2207446756579084,17,38562,1883,1620000606.9034517,1620000598.7993999,1620000606.9034517,1620000590.6953478,0
1007,1,0,0,1,721.5130646617246,64,0.02809759533057425,17,6857,443,1620000608.7043521,1620000600.6003,1620000608.7043521,1620000592.496248,0
1009,1,0,1,1,348.5283026939664,64,0.13082214474051648,6,58381,502,1620000610.5052526,1620000602.4012005,1620000610.5052526,1620000594.2971485,0
1006,0,0,0,1,406.16516010759847,128,0.16660896160784192,1,24410,443,1620000612.306153,1620000604.2021012,1620000612.306153,1620000596.098049,0
1008,0,0,0,1,746.8495630854947,64,0.19588988757587658,17,52469,1883,1620000614.1070535,1620000606.0030015,1620000614.1070535,1620000597.8989494,0
1003,0,1,1,1,390.595149798068,64,0.4778837578024982,17,35837,1883,1620000615.907954,1620000607.8039021,1620000615.907954,1620000599.6998498,0
1003,1,1,0,0,480.27647127188806,128,0.0348196289586369,6,34829,443,1620000617.7088544,1620000609.6048026,1620000617.7088544,1620000601.5007503,0
1000,0,1,1,0,417.60602617739437,128,0.1238713818345554,1,7266,22,1620000619.509755,1620000611.4057028,1620000619.509755,1620000603.3016508,0
1007,0,0,1,1,143.35570374324053,64,0.012261955334085615,6,29728,1883,1620000621.3106554,1620000613.2066033,1620000621.3106554,1620000605.1025512,0
1002,0,1,0,1,475.33846959904065,64,0.05222393319510235,6,43443,502,1620000623.1115558,1620000615.0075037,1620000623.1115558,1620000606.9034517,0
1006,1,0,1,1,297.87564728429044,128,0.18836885472675383,1,25856,443,1620000624.9124563,1620000616.8084042,1620000624.9124563,1620000608.7043521,1
1001,1,1,0,0,550.9160865287122,255,0.04583249647967353,1,13345,22,1620000626.7133567,1620000618.609305,1620000626.7133567,1620000610.5052526,0
1001,0,1,0,1,721.1277020082224,128,0.08942733543792285,1,39954,443,1620000628.5142572,1620000620.4102051,1620000628.5142572,1620000612.306153,0
1006,0,0,1,1,57.16525336526903,255,0.07007226898591509,17,33431,22,1620000630.3151577,1620000622.2111058,1620000630.3151577,1620000614.1070535,0
1005,1,0,1,1,418.61660319994394,64,0.10383214574581595,6,5097,22,1620000632.116058,1620000624.0120063,1620000632.116058,1620000615.907954,0
1002,1,1,0,1,590.4646465929962,64,0.3608014538860599,17,18691,502,1620000633.9169586,1620000625.8129065,1620000633.9169586,1620000617.7088544,0
1008,1,1,0,0,63.33021631404448,255,0.005734898947040337,1,17059,1883,1620000635.717859,1620000627.613807,1620000635.717859,1620000619.509755,0
1009,1,0,1,1,767.2530720844463,128,0.08532256022894656,17,7756,22,1620000637.5187595,1620000629.4147074,1620000637.5187595,1620000621.3106554,0
1005,1,1,1,1,575.9784073606967,64,0.1987984442741611,1,56121,1883,1620000639.31966,1620000631.215608,1620000639.31966,1620000623.1115558,0
1009,1,1,1,0,716.6425643863803,255,0.0656589070043761,1,4511,502,1620000641.1205602,1620000633.0165083,1620000641.1205602,1620000624.9124563,0
1009,1,0,1,1,387.21042737771415,128,0.008178200414311996,6,35976,1883,1620000642.9214606,1620000634.8174088,1620000642.9214606,1620000626.7133567,0
1005,1,1,0,1,411.3358459447618,255,0.08222071049255408,6,58726,80,1620000644.722361,1620000636.6183093,1620000644.722361,1620000628.5142572,0
1000,1,0,1,0,467.8127290401861,128,0.04035777265695015,6,62159,22,1620000646.5232615,1620000638.4192097,1620000646.5232615,1620000630.3151577,0
1003,0,1,0,0,927.641809510308,128,0.01683497609067831,17,30449,502,1620000648.324162,1620000640.22011,1620000648.324162,1620000632.116058,0
1009,0,0,0,0,763.6210720994133,128,0.18907040330833377,6,47682,443,1620000650.1250625,1620000642.0210104,1620000650.1250625,1620000633.9169586,0
1005,0,1,1,1,526.4695399017494,128,0.07373070583510861,1,20595,502,1620000651.925963,1620000643.8219109,1620000651.925963,1620000635.717859,0
1005,1,0,0,1,550.8803543301568,255,0.2707196751080308,6,30099,22,1620000653.7268634,1620000645.6228113,1620000653.7268634,1620000637.5187595,0
1004,0,1,1,0,626.9807623169866,255,0.1639982198811467,17,43209,502,1620000655.5277638,1620000647.4237118,1620000655.5277638,1620000639.31966,0
1000,1,0,0,0,978.3109641982918,255,0.1180815658656631,6,6519,443,1620000657.3286643,1620000649.2246122,1620000657.3286643,1620000641.1205602,0
1007,1,1,1,0,576.5439586114102,255,0.0005038173674963946,6,19705,80,1620000659.1295648,1620000651.0255127,1620000659.1295648,1620000642.9214606,0
1004,0,1,0,1,509.191879223754,255,0.05583076929817357,6,15805,22,1620000660.9304652,1620000652.8264132,1620000660.9304652,1620000644.722361,0
1004,1,1,0,1,432.28032067700246,128,0.022000632960947418,17,40889,22,1620000662.7313657,1620000654.6273136,1620000662.7313657,1620000646.5232615,1
1006,0,1,1,0,546.9830495038882,64,0.24168508209357215,1,9493,502,1620000664.5322661,1620000656.428214,1620000664.5322661,1620000648.324162,0
1003,0,1,1,1,382.5956363297582,64,0.019186775874595725,1,46191,1883,1620000666.3331666,1620000658.2291145,1620000666.3331666,1620000650.1250625,0
1005,0,1,0,0,599.2184676153746,255,0.033695642614504355,1,60354,1883,1620000668.134067,1620000660.030015,1620000668.134067,1620000651.925963,0
1003,1,1,0,1,213.48067404169177,255,0.07274007274224557,6,17226,443,1620000669.9349675,1620000661.8309155,1620000669.9349675,1620000653.7268634,0
1002,0,1,1,1,447.89988211873344,64,0.030566088574565844,6,20952,80,1620000671.735868,1620000663.631816,1620000671.735868,1620000655.5277638,0
1006,1,1,0,1,646.9265709454672,128,0.023555105360692094,17,12009,80,1620000673.5367684,1620000665.4327164,1620000673.5367684,1620000657.3286643,0
1007,0,0,1,1,573.8247308674707,255,0.09140415758797485,1,40623,502,1620000675.337669,1620000667.2336168,1620000675.337669,1620000659.1295648,0
1003,0,0,0,0,407.4750759896697,128,0.009313502220629672,6,17799,502,1620000677.1385694,1620000669.0345173,1620000677.1385694,1620000660.9304652,0
1001,0,1,1,1,453.59509791667233,64,0.005992810807943686,6,1992,1883,1620000678.9394698,1620000670.8354177,1620000678.9394698,1620000662.7313657,0
1009,1,0,0,1,707.0669373384422,64,0.04656057862470345,6,11406,80,1620000680.7403703,1620000672.6363182,1620000680.7403703,1620000664.5322661,0
1002,1,1,1,0,257.91966079531574,255,0.12753415477765948,17,6175,80,1620000682.5412707,1620000674.4372187,1620000682.5412707,1620000666.3331666,0
1000,1,1,1,1,259.08127041773395,128,0.08092468400058256,1,27828,80,1620000684.3421712,1620000676.2381191,1620000684.3421712,1620000668.134067,0
1007,0,0,0,0,314.0732095645006,255,0.05496989426100797,17,44610,443,1620000686.1430717,1620000678.0390196,1620000686.1430717,1620000669.9349675,0
1002,0,1,1,0,497.8644271466713,64,0.08341384759965581,1,33283,443,1620000687.9439719,1620000679.83992,1620000687.9439719,1620000671.735868,0
1009,1,1,0,1,228.65238654876157,128,0.04548415324234035,1,61213,502,1620000689.7448723,1620000681.6408205,1620000689.7448723,1620000673.5367684,0
1006,1,0,1,1,690.6003185531963,255,0.2751161304761535,6,21772,1883,1620000691.5457728,1620000683.441721,1620000691.5457728,1620000675.337669,0
1009,1,0,1,0,315.1415082288269,255,0.005646971201385296,6,20715,22,1620000693.3466733,1620000685.2426214,1620000693.3466733,1620000677.1385694,0
1004,1,1,1,0,544.8711115486259,255,0.11189930088590883,6,33044,1883,1620000695.1475737,1620000687.043522,1620000695.1475737,1620000678.9394698,0
1009,1,0,0,0,384.1853798161194,64,0.22190040203645045,6,44584,443,1620000696.9484742,1620000688.844422,1620000696.9484742,1620000680.7403703,0
1004,1,0,1,1,486.9005838320548,255,0.16290525719471233,6,28280,443,1620000698.7493746,1620000690.6453228,1620000698.7493746,1620000682.5412707,0
1006,0,1,0,0,179.33081806825132,128,0.020339121305388324,1,7149,502,1620000700.550275,1620000692.446223,1620000700.550275,1620000684.3421712,0
1008,1,0,1,0,700.2632490419912,255,0.03508723103704414,6,5394,22,1620000702.3511755,1620000694.2471235,1620000702.3511755,1620000686.1430717,0
1004,0,0,0,0,307.7004003257198,64,0.1262477790412558,6,5862,80,1620000704.152076,1620000696.048024,1620000704.152076,1620000687.9439719,0
1000,0,1,0,1,286.7566557912595,255,0.008803432822307949,17,49967,22,1620000705.9529765,1620000697.8489244,1620000705.9529765,1620000689.7448723,0
1009,1,0,0,0,975.8018026804185,64,0.16705779474136853,17,58453,22,1620000707.753877,1620000699.6498249,1620000707.753877,1620000691.5457728,0
1009,1,0,1,1,610.8614621915216,64,0.12690695064790258,1,4158,22,1620000709.5547774,1620000701.4507253,1620000709.5547774,1620000693.3466733,0
1000,0,1,0,1,692.483281656615,128,0.13078775254830674,1,46483,502,1620000711.3556778,1620000703.2516255,1620000711.3556778,1620000695.1475737,0
1001,1,1,1,0,591.7782792723798,128,0.010562874081318993,17,44223,443,1620000713.1565783,1620000705.052526,1620000713.1565783,1620000696.9484742,0
1005,1,1,0,1,409.5038880027197,255,0.12649994364951897,17,12580,80,1620000714.9574788,1620000706.8534267,1620000714.9574788,1620000698.7493746,0
1008,0,0,0,0,238.6300285089979,64,0.11388660859553967,6,60413,22,1620000716.7583792,1620000708.6543272,1620000716.7583792,1620000700.550275,0
1007,0,1,0,1,440.23592251486826,64,0.17773980350093443,6,34846,80,1620000718.5592797,1620000710.4552276,1620000718.5592797,1620000702.3511755,0
1004,0,1,0,1,304.36813109488753,128,0.00424858323649007,1,29001,22,1620000720.3601801,1620000712.256128,1620000720.3601801,1620000704.152076,0
1000,1,0,1,0,316.3769655130962,128,0.0023381907119684442,17,21137,443,1620000722.1610806,1620000714.0570285,1620000722.1610806,1620000705.9529765,0
1006,0,1,0,0,183.36253420606064,255,0.046682006198360076,1,64618,80,1620000723.961981,1620000715.857929,1620000723.961981,1620000707.753877,0
1004,1,1,0,0,522.8951919590992,64,0.01610943962145225,6,31590,1883,1620000725.7628815,1620000717.6588292,1620000725.7628815,1620000709.5547774,0
1005,0,1,1,1,814.6824295051692,128,0.08173156342072624,1,3693,443,1620000727.563782,1620000719.4597297,1620000727.563782,1620000711.3556778,0
1006,0,1,0,1,611.6273446052897,255,0.24931271638989974,1,50451,80,1620000729.3646824,1620000721.2606304,1620000729.3646824,1620000713.1565783,0
1002,0,0,0,0,478.84192242965753,64,0.04967250562367382,1,17105,22,1620000731.165583,1620000723.0615308,1620000731.165583,1620000714.9574788,0
1009,1,1,0,0,491.8856254379697,64,0.1864010066670527,6,13962,22,1620000732.9664834,1620000724.8624313,1620000732.9664834,1620000716.7583792,0
1002,1,1,0,1,40.0,128,2.4090353279255044e-05,1,6741,443,1620000734.7673836,1620000726.6633317,1620000734.7673836,1620000718.5592797,0
1004,0,0,1,1,415.2329156201247,255,0.018454159139921836,6,13306,443,1620000736.568284,1620000728.464232,1620000736.568284,1620000720.3601801,0
1005,0,1,1,1,214.66482095593219,128,0.0030895941657840477,17,48683,22,1620000738.3691845,1620000730.2651324,1620000738.3691845,1620000722.1610806,0
1008,0,0,0,0,526.8825055804552,255,0.03977159810706829,1,43089,80,1620000740.170085,1620000732.066033,1620000740.170085,1620000723.961981,1
1004,1,0,1,1,448.0048022663532,64,0.2388029651138401,1,15225,1883,1620000741.9709854,1620000733.8669333,1620000741.9709854,1620000725.7628815,0
1000,0,0,1,0,326.13909175849204,255,0.010197970770039949,6,17313,502,1620000743.7718859,1620000735.6678338,1620000743.7718859,1620000727.563782,0
1003,1,1,0,1,522.3793408977198,255,0.09324449534006496,1,25430,443,1620000745.5727863,1620000737.4687343,1620000745.5727863,1620000729.3646824,0
1004,0,0,1,1,520.6558306013886,255,0.06005605956834004,6,58176,22,1620000747.3736868,1620000739.2696347,1620000747.3736868,1620000731.165583,0
1009,0,0,0,0,803.7248078912855,255,0.27882013656014276,1,32310,80,1620000749.1745872,1620000741.0705352,1620000749.1745872,1620000732.9664834,0
1009,0,0,1,0,637.2835000893459,255,0.013070013873715064,17,13897,443,1620000750.9754877,1620000742.8714356,1620000750.9754877,1620000734.7673836,0
1004,0,1,1,0,543.3945580073745,128,0.023829253302578655,17,61300,80,1620000752.7763882,1620000744.672336,1620000752.7763882,1620000736.568284,0
1006,0,1,1,1,310.4971052697216,255,0.0029987121627035474,17,17536,443,1620000754.5772886,1620000746.4732366,1620000754.5772886,1620000738.3691845,0
1003,0,1,0,1,285.31217617850234,255,0.056904680737755946,1,29951,22,1620000756.378189,1620000748.274137,1620000756.378189,1620000740.170085,0
1000,1,1,1,1,619.7696014873216,64,0.03254987258214729,1,24485,80,1620000758.1790895,1620000750.0750375,1620000758.1790895,1620000741.9709854,0
1004,0,1,0,0,459.986125511914,255,0.20394975047292274,17,21734,22,1620000759.97999,1620000751.875938,1620000759.97999,1620000743.7718859,0
1006,1,1,0,1,549.8731182253215,64,0.09287196853002243,17,20976,80,1620000761.7808905,1620000753.6768384,1620000761.7808905,1620000745.5727863,0
1009,0,1,1,0,695.600104834312,128,0.09521530096270825,6,14472,443,1620000763.581791,1620000755.4777389,1620000763.581791,1620000747.3736868,0
1009,0,0,0,0,197.372244971638,128,0.07590961826383537,6,16222,502,1620000765.3826914,1620000757.2786393,1620000765.3826914,1620000749.1745872,0
1005,1,0,1,0,779.4070770057988,255,0.009634608712320789,17,8646,502,1620000767.1835918,1620000759.0795398,1620000767.1835918,1620000750.9754877,0
1004,0,0,0,1,693.8763573897993,128,0.058882083017236964,17,41872,1883,1620000768.9844923,1620000760.8804402,1620000768.9844923,1620000752.7763882,0
1003,1,0,0,1,89.11195560247106,255,0.7611336118382817,1,3426,1883,1620000770.7853928,1620000762.6813407,1620000770.7853928,1620000754.5772886,0
1001,1,1,1,0,970.6184897821954,128,0.18032004130197393,17,51823,22,1620000772.5862932,1620000764.4822412,1620000772.5862932,1620000756.378189,0
1003,0,0,1,1,564.2752638162913,255,0.22392258998071035,6,37348,80,1620000774.3871937,1620000766.2831416,1620000774.3871937,1620000758.1790895,1
1009,1,0,1,0,404.29233991540923,255,0.17328852306544698,6,29491,1883,1620000776.1880941,1620000768.084042,1620000776.1880941,1620000759.97999,0
1009,1,0,1,0,603.8124447209851,64,0.010874589897460993,6,35985,443,1620000777.9889946,1620000769.8849425,1620000777.9889946,1620000761.7808905,0
1002,0,0,0,1,304.50507261225283,64,0.025805628742424785,6,44031,502,1620000779.789895,1620000771.685843,1620000779.789895,1620000763.581791,0
1009,1,1,0,0,609.2256706387102,64,0.0003126533873663858,6,53280,80,1620000781.5907953,1620000773.4867435,1620000781.5907953,1620000765.3826914,0
1000,0,1,0,0,341.30070833293775,64,0.03617020226635025,6,21763,502,1620000783.3916957,1620000775.287644,1620000783.3916957,1620000767.1835918,0
1007,0,1,1,1,904.0719070941202,255,0.011497032268465577,17,19542,80,1620000785.1925962,1620000777.0885444,1620000785.1925962,1620000768.9844923,0
1004,0,0,0,0,512.0200387812802,128,0.06401626731526842,6,59210,1883,1620000786.9934967,1620000778.8894448,1620000786.9934967,1620000770.7853928,0
1003,0,1,1,0,629.9646104145648,255,0.11304977351417961,6,27571,1883,1620000788.794397,1620000780.6903453,1620000788.794397,1620000772.5862932,0
1007,1,0,0,0,342.78698006957217,64,0.20754917128388495,6,29960,22,1620000790.5952976,1620000782.4912457,1620000790.5952976,1620000774.3871937,0
1006,0,1,1,0,663.2992047786717,64,0.13831679139168562,6,21311,80,1620000792.396198,1620000784.2921462,1620000792.396198,1620000776.1880941,0
1001,0,1,0,0,497.48398729957756,128,0.2790110874901199,17,53789,443,1620000794.1970985,1620000786.0930464,1620000794.1970985,1620000777.9889946,0
1000,1,1,0,0,217.62965833561103,64,0.005540520026965989,1,42375,1883,1620000795.997999,1620000787.893947,1620000795.997999,1620000779.789895,0
1003,0,1,1,0,452.24745602235043,255,0.001225461745422649,1,52455,22,1620000797.7988994,1620000789.6948476,1620000797.7988994,1620000781.5907953,0
1007,0,1,0,1,886.2222137725075,255,0.10827530552695547,1,26500,1883,1620000799.5997999,1620000791.4957478,1620000799.5997999,1620000783.3916957,0
1001,1,0,1,1,671.7954052086616,255,0.03415786263771253,1,13899,502,1620000801.4007003,1620000793.2966483,1620000801.4007003,1620000785.1925962,0
1002,1,1,0,0,424.2049862187013,255,0.02923610231635948,6,11710,1883,1620000803.2016008,1620000795.097549,1620000803.2016008,1620000786.9934967,0
1000,1,0,0,0,126.16684779981301,255,0.04018024553580402,1,18560,80,1620000805.0025012,1620000796.8984492,1620000805.0025012,1620000788.794397,0
1000,1,0,1,1,333.5017643538737,128,0.031443141110681416,1,35086,22,1620000806.8034017,1620000798.6993496,1620000806.8034017,1620000790.5952976,0
1002,1,0,1,1,218.70519919310772,255,0.07162856343991807,17,49240,80,1620000808.6043022,1620000800.50025,1620000808.6043022,1620000792.396198,0
1004,1,0,0,1,130.99839871330036,64,0.058008361472281125,17,26065,443,1620000810.4052026,1620000802.3011506,1620000810.4052026,1620000794.1970985,0
1002,1,0,0,1,657.1182260330605,64,0.07183184380046365,17,32677,443,1620000812.206103,1620000804.1020513,1620000812.206103,1620000795.997999,0
1000,0,1,0,1,512.4774792760331,64,0.11169196855699498,6,22697,1883,1620000814.0070035,1620000805.9029515,1620000814.0070035,1620000797.7988994,0
1000,1,1,0,0,859.0216896687881,64,0.048960326778644085,6,11391,22,1620000815.807904,1620000807.703852,1620000815.807904,1620000799.5997999,0
1007,1,1,0,1,300.4716202404742,128,0.028942717711776977,6,20653,22,1620000817.6088045,1620000809.5047526,1620000817.6088045,1620000801.4007003,0
1009,1,1,0,1,499.54381304817394,64,0.01817623573456088,17,56244,22,1620000819.409705,1620000811.3056529,1620000819.409705,1620000803.2016008,0
1001,0,0,1,1,221.16512965061713,128,0.04299741963215764,1,47129,22,1620000821.2106054,1620000813.1065533,1620000821.2106054,1620000805.0025012,1
1002,0,1,1,0,381.0253277667515,64,0.13540458792968135,17,24124,1883,1620000823.0115058,1620000814.9074538,1620000823.0115058,1620000806.8034017,0
1001,1,1,1,0,455.57800761348284,128,0.14134802107011535,6,7678,80,1620000824.8124063,1620000816.7083542,1620000824.8124063,1620000808.6043022,0
1002,1,0,0,0,425.06920643767046,128,0.1099328705285853,17,26087,1883,1620000826.6133068,1620000818.509255,1620000826.6133068,1620000810.4052026,0
1006,1,0,0,0,510.7081261231002,128,0.026660989230298804,1,20346,80,1620000828.4142072,1620000820.3101552,1620000828.4142072,1620000812.206103,0
1000,0,1,0,0,694.3219126502775,64,0.08869412861449369,6,20034,502,1620000830.2151074,1620000822.1110556,1620000830.2151074,1620000814.0070035,0
1009,0,1,1,0,673.2835170909108,128,0.08455752219937167,1,51125,502,1620000832.016008,1620000823.911956,1620000832.016008,1620000815.807904,0
1007,1,0,1,1,346.1330831817401,255,0.06621645344260198,1,13717,80,1620000833.8169084,1620000825.7128565,1620000833.8169084,1620000817.6088045,0
1009,0,1,0,0,493.9291756272702,255,0.0798461000383293,6,10265,1883,1620000835.6178088,1620000827.513757,1620000835.6178088,1620000819.409705,0
1009,1,1,0,0,658.8192749918887,64,0.06768617758056343,1,30802,443,1620000837.4187093,1620000829.3146574,1620000837.4187093,1620000821.2106054,0
1009,0,1,1,1,707.1473014859012,255,0.08334589160140737,17,37867,1883,1620000839.2196097,1620000831.115558,1620000839.2196097,1620000823.0115058,0
1001,0,1,1,0,367.76866306916946,255,0.125704295576178,1,13675,443,1620000841.0205102,1620000832.9164584,1620000841.0205102,1620000824.8124063,0
1002,1,0,1,1,641.6328909600479,255,0.01161161443957293,1,26990,1883,1620000842.8214107,1620000834.7173588,1620000842.8214107,1620000826.6133068,0
1008,1,0,0,1,566.2293018375402,64,0.1384798489090627,1,10299,22,1620000844.622311,1620000836.518259,1620000844.622311,1620000828.4142072,0
1006,1,0,0,0,286.8021772922142,64,0.014605074817342079,17,46630,22,1620000846.4232116,1620000838.3191593,1620000846.4232116,1620000830.2151074,0
1003,1,1,0,1,660.031592517147,255,0.006895144207056305,1,2682,502,1620000848.224112,1620000840.12006,1620000848.224112,1620000832.016008,0
1009,0,1,1,1,530.3086416864938,64,0.3733027232154121,1,29987,502,1620000850.0250125,1620000841.9209607,1620000850.0250125,1620000833.8169084,0
1004,0,1,1,1,151.72187873469477,128,0.31463637599897143,17,7956,80,1620000851.825913,1620000843.721861,1620000851.825913,1620000835.6178088,0
1001,0,1,0,1,441.22928785772615,255,0.006233992110082188,6,15272,443,1620000853.6268134,1620000845.522761,1620000853.6268134,1620000837.4187093,0
1007,1,1,0,0,507.9715083169945,64,0.05856451542287619,6,25461,22,1620000855.4277139,1620000847.3236618,1620000855.4277139,1620000839.2196097,1
1003,0,0,1,1,378.83510423648124,64,0.020609586526337292,6,40751,1883,1620000857.2286143,1620000849.1245625,1620000857.2286143,1620000841.0205102,0
1008,1,1,0,0,745.645685099705,255,0.06642583058433701,1,19225,80,1620000859.0295148,1620000850.9254627,1620000859.0295148,1620000842.8214107,0
1004,0,1,1,1,752.8936981356211,64,0.17729999917033876,6,42174,1883,1620000860.8304152,1620000852.726363,1620000860.8304152,1620000844.622311,1
1008,1,0,1,1,423.501968217431,255,0.3008043238318593,17,50636,22,1620000862.6313157,1620000854.5272636,1620000862.6313157,1620000846.4232116,0
1003,1,1,0,1,401.55489572925154,64,0.10058124939312885,1,25379,22,1620000864.4322162,1620000856.3281643,1620000864.4322162,1620000848.224112,0
1009,0,0,1,0,473.7530653261358,128,0.043680975987239266,1,16023,22,1620000866.2331166,1620000858.1290646,1620000866.2331166,1620000850.0250125,0
1004,1,0,0,0,459.98388683866386,255,0.0924639399327829,1,56191,22,1620000868.034017,1620000859.9299648,1620000868.034017,1620000851.825913,0
1008,1,0,1,0,381.4996212396155,128,0.037396833946404064,6,7400,1883,1620000869.8349175,1620000861.7308655,1620000869.8349175,1620000853.6268134,0
1007,0,0,1,1,40.0,255,0.24059879797478803,6,52697,80,1620000871.635818,1620000863.5317662,1620000871.635818,1620000855.4277139,0
1002,1,0,0,1,850.9623751199229,64,0.2043306068417855,6,4500,22,1620000873.4367185,1620000865.3326664,1620000873.4367185,1620000857.2286143,0
1000,1,1,1,1,500.08359275562844,128,0.08169698563089184,1,52881,502,1620000875.237619,1620000867.1335666,1620000875.237619,1620000859.0295148,0
1002,1,0,0,1,464.33797761418487,64,0.03927447293337305,17,5390,80,1620000877.0385191,1620000868.9344673,1620000877.0385191,1620000860.8304152,0
1003,0,0,0,0,565.0338260103902,255,0.034727593276131626,1,49998,502,1620000878.8394196,1620000870.7353678,1620000878.8394196,1620000862.6313157,0
1001,0,1,1,1,483.988450293182,255,0.0033989136240469226,17,26757,1883,1620000880.64032,1620000872.536268,1620000880.64032,1620000864.4322162,0
1000,1,1,0,0,413.9368310709101,255,0.16918463593168964,1,13482,22,1620000882.4412205,1620000874.3371687,1620000882.4412205,1620000866.2331166,0
1006,0,0,0,1,298.8708027216101,255,0.05985339945794067,17,63902,80,1620000884.242121,1620000876.138069,1620000884.242121,1620000868.034017,0
1007,1,1,0,0,132.27744470086083,255,0.03932395384664103,1,33819,22,1620000886.0430214,1620000877.9389694,1620000886.0430214,1620000869.8349175,0
1006,1,1,0,0,229.1242140091213,128,0.06369754794678172,1,21639,22,1620000887.843922,1620000879.7398698,1620000887.843922,1620000871.635818,0
1004,1,0,0,1,276.6651866579706,255,0.17078117278818802,17,12188,80,1620000889.6448224,1620000881.5407703,1620000889.6448224,1620000873.4367185,0
1000,1,0,0,1,630.1844316081938,64,0.013309058431766297,17,40340,22,1620000891.4457228,1620000883.3416708,1620000891.4457228,1620000875.237619,0
1006,1,1,1,0,644.9246293528789,128,0.19495085331736833,17,4048,22,1620000893.2466233,1620000885.142571,1620000893.2466233,1620000877.0385191,0
1006,0,0,0,1,323.6401791066458,64,0.2277978680297842,17,30583,443,1620000895.0475237,1620000886.9434714,1620000895.0475237,1620000878.8394196,0
1008,1,0,1,1,40.0,255,0.29319674585352246,17,63992,443,1620000896.8484242,1620000888.7443721,1620000896.8484242,1620000880.64032,0
1002,0,1,1,0,501.82414390037525,64,0.05066476842269191,17,2288,80,1620000898.6493247,1620000890.5452726,1620000898.6493247,1620000882.4412205,0
1008,0,0,0,0,415.69155686813633,128,0.02448019145717773,17,10071,80,1620000900.450225,1620000892.346173,1620000900.450225,1620000884.242121,0
1000,1,0,1,0,410.74750265997375,128,0.04678313000090798,17,46009,22,1620000902.2511256,1620000894.1470735,1620000902.2511256,1620000886.0430214,0
1000,1,0,1,0,691.187495152873,128,0.04048334519920045,1,7611,502,1620000904.052026,1620000895.947974,1620000904.052026,1620000887.843922,0
1003,0,0,0,1,527.7305250945705,64,0.019377155353756708,17,7601,80,1620000905.8529265,1620000897.7488744,1620000905.8529265,1620000889.6448224,0
1008,0,0,0,0,304.7240702959841,128,0.09346244473085975,17,18659,22,1620000907.653827,1620000899.5497746,1620000907.653827,1620000891.4457228,0
1005,0,1,0,0,258.7173932081901,64,0.06474554506481837,1,46588,502,1620000909.4547274,1620000901.350675,1620000909.4547274,1620000893.2466233,0
1002,1,1,1,0,447.47772860300876,255,0.20076865643410297,1,4894,443,1620000911.2556279,1620000903.1515758,1620000911.2556279,1620000895.0475237,0
1000,0,0,1,1,318.7174475620716,255,0.0032636401090833586,6,35118,80,1620000913.0565283,1620000904.9524763,1620000913.0565283,1620000896.8484242,0
1003,1,1,0,0,485.52047519447655,64,0.10324536269161962,6,56353,22,1620000914.8574288,1620000906.7533767,1620000914.8574288,1620000898.6493247,0
1008,1,0,0,1,705.2284088803932,128,0.1439479458624577,17,10241,443,1620000916.6583292,1620000908.5542772,1620000916.6583292,1620000900.450225,0
1002,1,0,1,0,224.04351768010997,64,0.14249793456247511,17,50537,1883,1620000918.4592297,1620000910.3551776,1620000918.4592297,1620000902.2511256,0
1008,0,0,1,0,517.5558869617937,64,0.21722058753429,6,18626,443,1620000920.2601302,1620000912.156078,1620000920.2601302,1620000904.052026,0
1006,1,0,1,1,683.0099965338779,64,0.13057609781406904,6,1629,22,1620000922.0610306,1620000913.9569783,1620000922.0610306,1620000905.8529265,0
1003,1,0,1,0,482.7625328363782,255,0.2628454600795919,17,23367,502,1620000923.8619308,1620000915.7578788,1620000923.8619308,1620000907.653827,0
1002,1,1,0,0,644.3161790235306,64,0.04044505227053818,6,63795,1883,1620000925.6628313,1620000917.5587795,1620000925.6628313,1620000909.4547274,0
1009,1,1,1,1,442.54550157690755,255,0.06995867033564078,17,51846,1883,1620000927.4637318,1620000919.35968,1620000927.4637318,1620000911.2556279,0
1004,1,0,1,0,534.1656158847273,64,0.0014179722048099789,1,14027,1883,1620000929.2646322,1620000921.1605802,1620000929.2646322,1620000913.0565283,0
1004,0,1,1,0,588.1569864684353,255,0.0006981904170624233,1,44281,80,1620000931.0655327,1620000922.9614806,1620000931.0655327,1620000914.8574288,0
1002,1,0,1,0,385.59951234737304,64,0.027460346543932087,6,60562,22,1620000932.8664331,1620000924.762381,1620000932.8664331,1620000916.6583292,0
1008,1,1,0,0,898.1352034379998,64,0.010625780381055756,1,33113,1883,1620000934.6673336,1620000926.5632815,1620000934.6673336,1620000918.4592297,0
1003,0,0,0,1,615.5160360663843,128,0.030139076593022257,1,54619,443,1620000936.468234,1620000928.364182,1620000936.468234,1620000920.2601302,0
1004,1,1,1,0,760.5970997433842,128,0.019485168543411684,1,18685,502,1620000938.2691345,1620000930.1650825,1620000938.2691345,1620000922.0610306,0
1003,0,0,1,1,714.2047892721536,64,0.002893462266595978,1,17806,22,1620000940.070035,1620000931.965983,1620000940.070035,1620000923.8619308,0
1004,1,0,0,0,565.4578538566823,64,0.24002436385184886,17,31053,443,1620000941.8709354,1620000933.7668834,1620000941.8709354,1620000925.6628313,1
1006,0,1,0,1,777.1578844719616,64,0.0008257127833574805,17,14511,80,1620000943.671836,1620000935.5677838,1620000943.671836,1620000927.4637318,1
1008,0,1,1,0,537.5829422383835,64,0.1332117377045885,6,52348,1883,1620000945.4727364,1620000937.3686843,1620000945.4727364,1620000929.2646322,0
1006,1,0,1,1,354.04494336512744,128,0.016504905335106197,1,52986,443,1620000947.2736368,1620000939.1695848,1620000947.2736368,1620000931.0655327,0
1004,1,1,0,0,502.96384631259264,255,0.24330312156721062,1,48525,22,1620000949.0745373,1620000940.9704852,1620000949.0745373,1620000932.8664331,0
1009,1,0,0,1,298.7666175169737,64,0.2233021154102729,1,40066,443,1620000950.8754377,1620000942.7713857,1620000950.8754377,1620000934.6673336,0
1009,0,1,0,1,79.65913437803955,128,0.10610308405949727,6,23089,80,1620000952.6763382,1620000944.5722861,1620000952.6763382,1620000936.468234,0
1006,0,1,0,0,329.4915513881949,64,0.111545579686878,17,11868,502,1620000954.4772387,1620000946.3731866,1620000954.4772387,1620000938.2691345,0
1009,0,0,0,1,514.576306594175,64,0.0005353446125505322,1,20347,1883,1620000956.278139,1620000948.174087,1620000956.278139,1620000940.070035,0
1004,1,1,0,0,712.3849570976163,255,0.4191179267022073,17,26421,22,1620000958.0790396,1620000949.9749875,1620000958.0790396,1620000941.8709354,0
1002,0,1,1,0,328.8961590847291,64,0.21023630728828363,6,46981,1883,1620000959.87994,1620000951.775888,1620000959.87994,1620000943.671836,0
1006,0,0,0,0,702.032490705431,64,0.22548071145317003,17,18352,1883,1620000961.6808405,1620000953.5767884,1620000961.6808405,1620000945.4727364,0
1001,1,1,0,0,257.8634028386246,255,0.10765901764015709,1,61846,1883,1620000963.481741,1620000955.377689,1620000963.481741,1620000947.2736368,0
1008,0,0,0,0,316.09550677210996,255,0.04227947964813154,17,44763,443,1620000965.2826414,1620000957.1785893,1620000965.2826414,1620000949.0745373,0
1009,0,0,0,1,789.8313206792903,255,0.22410070349293154,17,39757,443,1620000967.0835419,1620000958.9794898,1620000967.0835419,1620000950.8754377,0
1009,1,0,1,0,509.52420399249917,255,0.03446291130813628,6,46413,502,1620000968.8844423,1620000960.7803903,1620000968.8844423,1620000952.6763382,0
1000,0,0,1,0,465.2756109430712,128,0.08271622177609743,6,30739,80,1620000970.6853428,1620000962.5812907,1620000970.6853428,1620000954.4772387,0
1005,1,0,0,0,547.0559979815654,128,0.010506164070748572,6,40140,22,1620000972.486243,1620000964.3821912,1620000972.486243,1620000956.278139,0
1006,1,1,1,0,258.71934985639086,128,0.25504777695712993,6,57946,443,1620000974.2871435,1620000966.1830916,1620000974.2871435,1620000958.0790396,0
1007,1,0,1,0,433.8303742852355,64,0.015171917240524052,17,57275,1883,1620000976.088044,1620000967.983992,1620000976.088044,1620000959.87994,0
1009,1,0,1,0,500.5322316253103,255,0.025475910459673456,17,62818,80,1620000977.8889444,1620000969.7848926,1620000977.8889444,1620000961.6808405,0
1008,1,1,1,1,746.2761872358865,255,0.08167489681544857,6,18604,22,1620000979.6898448,1620000971.585793,1620000979.6898448,1620000963.481741,0
1001,0,1,1,1,165.9165721397198,128,0.14443176203210756,6,51388,22,1620000981.4907453,1620000973.3866932,1620000981.4907453,1620000965.2826414,0
1009,0,1,1,0,852.5980630751542,64,0.09658783920417878,1,1847,22,1620000983.2916458,1620000975.187594,1620000983.2916458,1620000967.0835419,0
1001,1,0,0,1,475.0704523349914,64,0.02641399266631212,1,63489,22,1620000985.0925462,1620000976.9884944,1620000985.0925462,1620000968.8844423,0
1004,1,0,0,0,277.88875020659816,64,9.434874718509594e-05,6,27496,502,1620000986.8934467,1620000978.7893946,1620000986.8934467,1620000970.6853428,0
1004,0,0,0,0,241.67305677312174,128,0.141531369976474,17,8108,22,1620000988.6943471,1620000980.590295,1620000988.6943471,1620000972.486243,0
1005,1,1,0,0,554.6298634008413,64,0.4213623214754856,6,13479,80,1620000990.4952476,1620000982.3911955,1620000990.4952476,1620000974.2871435,0
1002,1,0,0,0,230.55810398629487,64,0.1660274049786961,17,11631,443,1620000992.296148,1620000984.192096,1620000992.296148,1620000976.088044,0
1007,1,1,1,0,387.9752909813802,64,0.06165688388598598,17,17943,80,1620000994.0970485,1620000985.9929967,1620000994.0970485,1620000977.8889444,0
1000,0,0,0,1,450.01938782444034,255,0.23409856611089397,1,48028,1883,1620000995.897949,1620000987.793897,1620000995.897949,1620000979.6898448,0
1005,0,1,0,1,728.7351478809652,128,0.0527374594250052,6,20418,502,1620000997.6988494,1620000989.5947974,1620000997.6988494,1620000981.4907453,0
1003,1,0,1,1,703.6906918527948,255,0.0744301714561411,6,50028,502,1620000999.49975,1620000991.395698,1620000999.49975,1620000983.2916458,0
1000,1,0,1,1,371.4015219762082,255,0.06484219669198313,17,11843,1883,1620001001.3006504,1620000993.1965983,1620001001.3006504,1620000985.0925462,0
1006,0,0,0,0,457.4633659558156,128,0.059352607464718744,6,57713,80,1620001003.1015508,1620000994.9974988,1620001003.1015508,1620000986.8934467,0
1008,0,1,1,1,180.92301996485082,255,0.14925030999457664,1,12993,80,1620001004.9024513,1620000996.7983992,1620001004.9024513,1620000988.6943471,0
1003,1,1,1,0,92.180897351256,64,0.074817144166015,1,64083,1883,1620001006.7033517,1620000998.5992997,1620001006.7033517,1620000990.4952476,0
1003,1,0,1,1,254.18951048147608,64,0.03808463353539588,6,18357,22,1620001008.5042522,1620001000.4002004,1620001008.5042522,1620000992.296148,0
1005,0,0,1,1,724.6194722651621,64,0.02986192224976361,6,12724,22,1620001010.3051527,1620001002.2011006,1620001010.3051527,1620000994.0970485,1
1002,0,0,0,1,656.016144444292,64,0.003847819853163455,1,62670,443,1620001012.106053,1620001004.002001,1620001012.106053,1620000995.897949,0
1005,0,1,1,1,576.6872525193228,128,0.08751371808441451,6,32816,80,1620001013.9069536,1620001005.8029017,1620001013.9069536,1620000997.6988494,0
1006,1,0,0,0,208.4751026758846,255,0.02613146555210783,17,34335,80,1620001015.707854,1620001007.603802,1620001015.707854,1620000999.49975,0
1009,0,0,0,1,357.6680845217709,255,0.016032594997298963,6,37692,1883,1620001017.5087545,1620001009.4047024,1620001017.5087545,1620001001.3006504,0
1009,1,0,1,1,328.4357943642757,64,0.10608251906145127,17,12969,1883,1620001019.3096547,1620001011.205603,1620001019.3096547,1620001003.1015508,0
1002,0,0,1,0,466.80032587588755,64,0.114322037207854,6,38016,22,1620001021.1105552,1620001013.0065033,1620001021.1105552,1620001004.9024513,0
1006,0,1,1,0,454.1892886735768,255,0.13949512934945746,6,47550,80,1620001022.9114556,1620001014.8074038,1620001022.9114556,1620001006.7033517,1
1002,0,1,0,1,299.6086286608343,128,0.07003266843064493,1,48741,80,1620001024.712356,1620001016.6083043,1620001024.712356,1620001008.5042522,0
1001,0,0,1,0,569.8433615797087,255,0.22448314610349263,17,60450,502,1620001026.5132565,1620001018.4092045,1620001026.5132565,1620001010.3051527,0
1009,1,0,1,0,545.7892760408479,64,0.2754242109685118,1,36658,443,1620001028.314157,1620001020.210105,1620001028.314157,1620001012.106053,0
1003,1,1,1,0,354.2353801814107,64,0.16469889072641414,6,19654,443,1620001030.1150575,1620001022.0110054,1620001030.1150575,1620001013.9069536,0
1007,0,1,1,1,560.8556783265062,128,0.1009485226841339,1,52012,22,1620001031.915958,1620001023.8119059,1620001031.915958,1620001015.707854,1
1008,1,0,1,0,724.8570736661042,255,0.036200477024988006,6,42060,80,1620001033.7168584,1620001025.6128063,1620001033.7168584,1620001017.5087545,0
1006,0,1,0,1,785.6121554246491,128,0.40713072674153267,6,25968,502,1620001035.5177588,1620001027.4137068,1620001035.5177588,1620001019.3096547,0
1000,0,1,1,1,598.1324313219718,128,0.03203928398641815,6,24384,80,1620001037.3186593,1620001029.2146072,1620001037.3186593,1620001021.1105552,0
1002,0,0,1,1,592.2535886818712,64,0.022647023107049982,17,13837,1883,1620001039.1195598,1620001031.0155077,1620001039.1195598,1620001022.9114556,0
1008,0,1,1,1,451.9722171951377,255,0.05836725443298823,17,50524,22,1620001040.9204602,1620001032.8164082,1620001040.9204602,1620001024.712356,0
1000,1,1,0,0,705.9425791070319,64,0.005851994458612369,17,5625,443,1620001042.7213607,1620001034.6173086,1620001042.7213607,1620001026.5132565,0
1008,0,0,1,1,285.92970973204257,255,0.3839444919858909,1,13954,80,1620001044.5222611,1620001036.418209,1620001044.5222611,1620001028.314157,0
1007,0,0,0,0,682.770028681633,64,0.08877848051106103,6,5357,22,1620001046.3231616,1620001038.2191095,1620001046.3231616,1620001030.1150575,0
1000,1,1,0,1,442.47905316383947,64,0.08140773695566797,1,6423,443,1620001048.124062,1620001040.02001,1620001048.124062,1620001031.915958,0
1005,0,0,1,0,798.187365440346,255,0.10665215873018018,1,55872,80,1620001049.9249625,1620001041.8209105,1620001049.9249625,1620001033.7168584,0
1004,0,1,1,1,617.6412814080148,255,0.06872121234611377,6,18863,502,1620001051.725863,1620001043.621811,1620001051.725863,1620001035.5177588,0
1005,0,0,1,0,486.42675378537996,64,0.0032588810691642728,1,52361,22,1620001053.5267634,1620001045.4227114,1620001053.5267634,1620001037.3186593,0
1009,1,1,0,1,452.7024702191453,255,0.09475525521921536,6,41228,80,1620001055.327664,1620001047.2236118,1620001055.327664,1620001039.1195598,0
1004,0,0,0,1,605.1225708896874,64,0.1259393471122423,6,21219,443,1620001057.1285644,1620001049.0245123,1620001057.1285644,1620001040.9204602,0
1005,1,1,0,0,595.424869537211,255,0.05391377574930445,6,28872,443,1620001058.9294648,1620001050.8254128,1620001058.9294648,1620001042.7213607,0
1004,0,1,0,1,420.3313990998945,64,0.14159109219627458,6,24717,502,1620001060.7303653,1620001052.6263132,1620001060.7303653,1620001044.5222611,0
1004,0,1,0,1,518.3671516536693,64,0.02574779112996474,1,48739,22,1620001062.5312657,1620001054.4272137,1620001062.5312657,1620001046.3231616,0
1003,1,0,0,1,679.2780174697203,64,0.025009935529483232,1,47753,22,1620001064.3321662,1620001056.2281141,1620001064.3321662,1620001048.124062,0
1002,0,0,1,0,227.32874842395003,128,0.017604170165024198,1,65191,80,1620001066.1330664,1620001058.0290146,1620001066.1330664,1620001049.9249625,0
1002,0,1,1,1,645.1756441107426,255,0.04652067682639777,17,41878,443,1620001067.9339669,1620001059.829915,1620001067.9339669,1620001051.725863,0
1003,1,1,0,1,604.2429156718707,64,0.18773960233575207,1,37474,443,1620001069.7348673,1620001061.6308155,1620001069.7348673,1620001053.5267634,0
1008,1,0,1,0,737.3294951122981,128,0.1759749666245702,1,52022,502,1620001071.5357678,1620001063.4317157,1620001071.5357678,1620001055.327664,0
1001,1,0,1,0,356.86925973935246,64,0.04826013814974434,17,2878,502,1620001073.3366683,1620001065.2326164,1620001073.3366683,1620001057.1285644,0
1008,1,0,0,0,501.1432172185782,128,0.08894510015532398,6,32582,22,1620001075.1375687,1620001067.0335166,1620001075.1375687,1620001058.9294648,0
1000,1,0,0,0,541.0136752009792,64,0.12758853498980113,6,4009,443,1620001076.9384692,1620001068.834417,1620001076.9384692,1620001060.7303653,0
1000,0,0,1,0,647.759303440047,64,0.027602596904234458,6,62818,80,1620001078.7393696,1620001070.6353176,1620001078.7393696,1620001062.5312657,0
1004,1,0,0,1,585.8233858322001,128,0.018409242693301627,17,44609,1883,1620001080.54027,1620001072.436218,1620001080.54027,1620001064.3321662,0
1005,0,1,0,1,252.0889802375451,128,0.3578984988004128,1,20302,80,1620001082.3411705,1620001074.2371185,1620001082.3411705,1620001066.1330664,0
1005,0,0,1,1,558.2088065723292,255,0.09611764753989685,1,41288,502,1620001084.142071,1620001076.038019,1620001084.142071,1620001067.9339669,0
1002,0,1,0,0,900.8457548540816,255,0.3985439315570942,1,34350,80,1620001085.9429715,1620001077.8389194,1620001085.9429715,1620001069.7348673,0
1006,1,0,1,1,622.351515192263,128,0.04121211914630918,1,20304,443,1620001087.743872,1620001079.6398199,1620001087.743872,1620001071.5357678,0
1008,1,0,1,0,827.60938890732,255,0.12141298797955423,17,60285,22,1620001089.5447724,1620001081.44072,1620001089.5447724,1620001073.3366683,1
1009,0,1,1,0,708.6122754589625,128,0.025180493840006174,1,35046,1883,1620001091.3456728,1620001083.2416205,1620001091.3456728,1620001075.1375687,0
1007,1,1,1,1,772.4803870876818,255,0.030272826248424867,6,16691,22,1620001093.1465733,1620001085.0425212,1620001093.1465733,1620001076.9384692,0
1005,1,0,1,0,561.993732196941,64,0.07172393220718942,17,19089,1883,1620001094.9474738,1620001086.8434217,1620001094.9474738,1620001078.7393696,0
1007,1,1,0,0,604.3690219224234,255,0.03851010583039087,17,49870,1883,1620001096.7483742,1620001088.6443222,1620001096.7483742,1620001080.54027,0
1004,1,1,0,1,551.103551328275,64,0.018346809042121326,6,63633,443,1620001098.5492747,1620001090.4452226,1620001098.5492747,1620001082.3411705,0
1007,0,1,0,0,500.8681730099046,64,0.030500553013561478,6,22679,443,1620001100.3501751,1620001092.246123,1620001100.3501751,1620001084.142071,0
1009,0,1,0,0,648.4389960138209,255,0.003640301683515461,1,11030,502,1620001102.1510756,1620001094.0470235,1620001102.1510756,1620001085.9429715,0
1003,1,0,1,1,395.7996121985598,128,0.12188280033767517,6,7307,502,1620001103.951976,1620001095.8479238,1620001103.951976,1620001087.743872,0
1009,0,1,1,0,877.0764632029267,64,0.06775034977077403,17,42646,1883,1620001105.7528765,1620001097.6488242,1620001105.7528765,1620001089.5447724,0
1007,1,0,0,0,314.39740646234526,64,0.009898429414878222,17,46100,502,1620001107.553777,1620001099.449725,1620001107.553777,1620001091.3456728,0
1009,1,0,1,1,662.2776239834317,255,0.018837261935603304,17,4349,443,1620001109.3546774,1620001101.2506254,1620001109.3546774,1620001093.1465733,0
1001,0,0,0,1,775.7342834607177,128,0.010818064193693862,1,31807,502,1620001111.155578,1620001103.0515258,1620001111.155578,1620001094.9474738,0
1004,0,0,0,1,464.6756492079194,128,0.09482789641027613,1,51417,1883,1620001112.9564784,1620001104.8524263,1620001112.9564784,1620001096.7483742,0
1008,0,1,0,1,277.4045377723672,255,0.009894818931705747,6,4167,22,1620001114.7573786,1620001106.6533265,1620001114.7573786,1620001098.5492747,0
1003,1,1,1,0,731.1059178564709,128,0.14035720974214416,1,36829,80,1620001116.558279,1620001108.454227,1620001116.558279,1620001100.3501751,0
1005,0,0,1,0,540.679062010051,255,0.002072418951102309,1,58529,502,1620001118.3591795,1620001110.2551277,1620001118.3591795,1620001102.1510756,1
1000,1,0,1,1,662.6632145203487,255,0.02868501359348076,17,13441,443,1620001120.16008,1620001112.056028,1620001120.16008,1620001103.951976,0
1008,0,0,1,0,478.10908023253654,255,0.22133540436433066,17,32324,22,1620001121.9609804,1620001113.8569283,1620001121.9609804,1620001105.7528765,0
1000,0,0,0,0,846.3849364644794,64,0.12677340920223393,6,27550,443,1620001123.7618809,1620001115.6578288,1620001123.7618809,1620001107.553777,0
1004,1,1,1,1,76.59838955873033,64,0.0075767553186035855,17,29920,502,1620001125.5627813,1620001117.4587293,1620001125.5627813,1620001109.3546774,0
1003,1,0,1,1,575.2355102567469,64,0.17210742157447376,1,51957,1883,1620001127.3636818,1620001119.2596297,1620001127.3636818,1620001111.155578,0
1002,1,1,1,0,768.3498967503194,255,0.06793135510452984,6,38467,80,1620001129.1645823,1620001121.0605302,1620001129.1645823,1620001112.9564784,0
1005,1,0,0,1,521.0678089658792,64,0.1875900239097049,6,51653,80,1620001130.9654827,1620001122.8614306,1620001130.9654827,1620001114.7573786,0
1001,1,0,0,1,560.4717386033823,64,0.09181418803186722,17,28630,22,1620001132.7663832,1620001124.662331,1620001132.7663832,1620001116.558279,0
1002,1,0,1,1,413.1976374865983,64,0.11451789774954493,17,40940,80,1620001134.5672836,1620001126.4632316,1620001134.5672836,1620001118.3591795,0
1004,1,0,1,0,504.1377015733235,255,0.5036193191777946,17,62354,1883,1620001136.368184,1620001128.264132,1620001136.368184,1620001120.16008,0
1008,1,1,1,1,165.628677372739,255,0.02644025500621366,6,8575,443,1620001138.1690845,1620001130.0650325,1620001138.1690845,1620001121.9609804,0
1001,0,1,1,0,356.3137334760617,255,0.0978021398092189,17,50282,1883,1620001139.969985,1620001131.865933,1620001139.969985,1620001123.7618809,0
1009,1,1,0,0,342.64897457955436,64,0.06167814833788261,1,36460,22,1620001141.7708855,1620001133.6668334,1620001141.7708855,1620001125.5627813,0
1007,1,0,1,0,633.8247982058596,128,0.004025127503940857,6,55111,22,1620001143.571786,1620001135.4677339,1620001143.571786,1620001127.3636818,0
1001,0,0,1,1,385.72604814245307,64,0.001457636237430168,17,57446,80,1620001145.3726864,1620001137.2686343,1620001145.3726864,1620001129.1645823,0
1004,1,1,1,1,391.50489001203596,64,0.01269571393973233,1,51340,1883,1620001147.1735868,1620001139.0695348,1620001147.1735868,1620001130.9654827,0
1006,0,1,0,1,424.41532794297206,255,0.10472304587348086,1,48704,443,1620001148.9744873,1620001140.8704352,1620001148.9744873,1620001132.7663832,0
1007,0,0,0,1,350.2710594969365,255,0.08373942683799898,17,51333,1883,1620001150.7753878,1620001142.6713357,1620001150.7753878,1620001134.5672836,0
1000,1,0,1,1,553.8044538523394,64,0.08061581333560187,1,3270,443,1620001152.5762882,1620001144.4722362,1620001152.5762882,1620001136.368184,0
1005,0,1,1,0,575.5262938865818,64,0.0032375230057651925,6,40445,443,1620001154.3771887,1620001146.2731366,1620001154.3771887,1620001138.1690845,0
1000,1,0,1,0,665.0037159443519,128,0.06335640352166237,6,59034,1883,1620001156.1780891,1620001148.074037,1620001156.1780891,1620001139.969985,0
1001,0,0,1,0,630.5500164575885,128,0.25852506736742953,1,60494,502,1620001157.9789896,1620001149.8749375,1620001157.9789896,1620001141.7708855,0
1000,0,1,1,1,610.5515489969401,255,0.05068201054272579,6,64435,1883,1620001159.77989,1620001151.675838,1620001159.77989,1620001143.571786,0
1004,0,0,0,0,434.20633320051127,128,0.09806225271502067,17,44925,443,1620001161.5807903,1620001153.4767385,1620001161.5807903,1620001145.3726864,0
1009,1,1,0,0,421.3792499324242,128,0.15133038703845098,1,8673,22,1620001163.3816907,1620001155.277639,1620001163.3816907,1620001147.1735868,0
1008,1,0,0,1,325.7577995303087,255,0.15321310012192557,6,50687,22,1620001165.1825912,1620001157.0785394,1620001165.1825912,1620001148.9744873,0
1005,0,1,1,1,322.15126222117976,128,0.0732470470356195,17,42233,80,1620001166.9834917,1620001158.8794398,1620001166.9834917,1620001150.7753878,0
1000,0,0,0,0,538.8522819358521,64,0.19515898659699216,17,1912,22,1620001168.784392,1620001160.6803403,1620001168.784392,1620001152.5762882,0
1000,1,1,0,0,356.11679184398383,128,0.049655804703685365,6,43007,502,1620001170.5852926,1620001162.4812407,1620001170.5852926,1620001154.3771887,0
1001,1,1,0,1,793.6648266711918,255,0.2195465059259618,1,63062,443,1620001172.386193,1620001164.2821412,1620001172.386193,1620001156.1780891,0
1008,0,1,1,1,492.4998353851014,64,0.02747357935342444,17,58159,1883,1620001174.1870935,1620001166.0830414,1620001174.1870935,1620001157.9789896,0
1002,0,1,1,1,800.2780214319081,128,0.032880467741551025,17,30448,1883,1620001175.987994,1620001167.8839421,1620001175.987994,1620001159.77989,0
1000,1,0,0,1,614.3534109142335,64,0.005458356898709566,17,42583,502,1620001177.7888944,1620001169.6848426,1620001177.7888944,1620001161.5807903,0
1004,1,0,1,0,344.5527131056577,64,0.15875875622830113,17,53198,22,1620001179.5897949,1620001171.4857428,1620001179.5897949,1620001163.3816907,0
1006,1,1,0,0,487.5907622836364,128,0.05396628419447569,1,52706,443,1620001181.3906953,1620001173.2866433,1620001181.3906953,1620001165.1825912,0
1005,1,0,0,1,165.30953177645677,128,0.026021816706761125,6,12099,22,1620001183.1915958,1620001175.0875437,1620001183.1915958,1620001166.9834917,0
1000,1,0,0,0,538.085071013057,255,0.02636925070928563,6,23723,80,1620001184.9924963,1620001176.8884442,1620001184.9924963,1620001168.784392,0
1004,0,0,0,0,362.84631843093655,255,0.2316683421321323,6,48996,22,1620001186.7933967,1620001178.689345,1620001186.7933967,1620001170.5852926,0
1004,1,0,1,1,277.30839835694775,64,0.17952652099284422,17,52240,80,1620001188.5942972,1620001180.490245,1620001188.5942972,1620001172.386193,0
1005,0,0,1,0,804.4293517096095,255,0.08063850531906351,1,10974,1883,1620001190.3951976,1620001182.2911458,1620001190.3951976,1620001174.1870935,0
1002,1,1,1,0,706.1175481968575,64,0.09574013107801524,6,6437,443,1620001192.196098,1620001184.0920463,1620001192.196098,1620001175.987994,0
1004,0,1,1,0,700.6077957524925,64,0.06430732132952152,1,40329,80,1620001193.9969985,1620001185.8929465,1620001193.9969985,1620001177.7888944,0
1006,1,1,0,1,656.4222553301888,255,0.0497032098146786,6,64309,22,1620001195.797899,1620001187.693847,1620001195.797899,1620001179.5897949,0
1004,1,1,1,1,253.0221911748434,255,0.24707301869899778,17,4593,22,1620001197.5987995,1620001189.4947474,1620001197.5987995,1620001181.3906953,0
1004,0,0,0,0,419.9041014386325,255,0.013423187049650434,6,2266,1883,1620001199.3997,1620001191.2956479,1620001199.3997,1620001183.1915958,0
1004,0,0,1,1,432.09927170602265,128,0.05420528059926161,17,38121,502,1620001201.2006004,1620001193.0965486,1620001201.2006004,1620001184.9924963,1
1009,1,1,1,1,158.05258518021375,64,0.04224514241559201,17,31109,502,1620001203.0015008,1620001194.8974488,1620001203.0015008,1620001186.7933967,0
1009,1,0,1,1,388.59978103120216,64,0.06894554439154436,6,11511,22,1620001204.8024013,1620001196.6983495,1620001204.8024013,1620001188.5942972,0
1002,1,0,0,0,390.78040487659126,64,0.061181030983710465,1,19333,502,1620001206.6033018,1620001198.49925,1620001206.6033018,1620001190.3951976,0
1000,1,1,0,0,525.1997894989925,255,0.07316583713180327,17,31795,443,1620001208.404202,1620001200.3001502,1620001208.404202,1620001192.196098,0
1004,1,0,0,1,1006.4775200476687,255,0.015072868164555395,1,27662,502,1620001210.2051024,1620001202.1010506,1620001210.2051024,1620001193.9969985,1
1008,0,1,0,0,495.82074467905227,255,0.07197817556416922,6,37187,443,1620001212.006003,1620001203.901951,1620001212.006003,1620001195.797899,0
1000,0,1,1,0,525.3028909139334,255,0.02776245709550711,17,50616,22,1620001213.8069034,1620001205.7028515,1620001213.8069034,1620001197.5987995,0
1002,1,0,0,0,449.9579454471716,255,0.02037470714212306,1,22639,22,1620001215.6078038,1620001207.503752,1620001215.6078038,1620001199.3997,0
1003,0,0,0,0,647.5425760107489,128,0.006703145929929536,17,58357,22,1620001217.4087043,1620001209.3046525,1620001217.4087043,1620001201.2006004,0
1000,0,1,1,0,285.2165582708446,255,0.1438230214561736,6,52919,1883,1620001219.2096047,1620001211.105553,1620001219.2096047,1620001203.0015008,0
1000,0,1,1,1,879.2074990307877,64,0.05576411004137869,17,9063,502,1620001221.0105052,1620001212.9064534,1620001221.0105052,1620001204.8024013,0
1007,1,0,0,0,475.16815850663613,255,0.09852220426982129,6,9222,80,1620001222.8114057,1620001214.7073536,1620001222.8114057,1620001206.6033018,0
1001,0,1,1,0,420.9620333937871,64,0.13004592677981072,1,35378,80,1620001224.612306,1620001216.508254,1620001224.612306,1620001208.404202,0
1007,1,1,0,0,694.00741473276,255,0.11373011390637532,17,51001,22,1620001226.4132066,1620001218.3091545,1620001226.4132066,1620001210.2051024,0
1006,0,1,1,1,321.8154815910293,255,0.06358234719957666,1,4848,502,1620001228.214107,1620001220.110055,1620001228.214107,1620001212.006003,0
1009,1,0,0,1,643.8501966110667,64,0.04908572078470497,6,51444,443,1620001230.0150075,1620001221.9109554,1620001230.0150075,1620001213.8069034,0
1009,0,1,0,1,781.0340111190721,64,0.04715406653057522,6,25023,80,1620001231.815908,1620001223.711856,1620001231.815908,1620001215.6078038,1
1001,1,0,0,0,451.73144551939816,64,0.10217868037472443,1,4460,22,1620001233.6168084,1620001225.5127563,1620001233.6168084,1620001217.4087043,0
1005,1,1,0,1,910.5683226159742,64,0.06827897146606147,1,29038,80,1620001235.4177089,1620001227.3136568,1620001235.4177089,1620001219.2096047,0
1005,0,0,0,1,628.8583052522508,128,0.18913516404102526,6,41881,80,1620001237.2186093,1620001229.1145573,1620001237.2186093,1620001221.0105052,0
1002,1,1,1,1,631.3388519328859,64,0.20770602538113578,1,17081,80,1620001239.0195098,1620001230.9154577,1620001239.0195098,1620001222.8114057,0
1001,1,0,0,1,773.1730670371979,255,0.018700496043546594,6,2334,22,1620001240.8204103,1620001232.7163582,1620001240.8204103,1620001224.612306,0
1000,1,0,0,0,826.1469909272747,255,0.014645297678065073,1,62401,22,1620001242.6213107,1620001234.5172586,1620001242.6213107,1620001226.4132066,0
1005,1,0,0,1,552.367797281276,128,0.09953364447264035,6,10843,1883,1620001244.4222112,1620001236.318159,1620001244.4222112,1620001228.214107,0
1004,1,1,0,1,659.3810882753876,64,0.035842754751194514,6,49257,1883,1620001246.2231116,1620001238.1190596,1620001246.2231116,1620001230.0150075,0
1008,1,1,0,0,779.2682986321856,255,0.0018745319583426336,17,59404,1883,1620001248.024012,1620001239.91996,1620001248.024012,1620001231.815908,0
1000,1,1,1,0,267.6377847277126,128,0.21950110532558398,6,14481,80,1620001249.8249125,1620001241.7208605,1620001249.8249125,1620001233.6168084,0
1006,1,0,1,1,154.09952007347042,255,0.025734786508125315,6,1501,502,1620001251.625813,1620001243.521761,1620001251.625813,1620001235.4177089,0
1004,0,1,0,0,488.489215918819,128,0.2649036075709476,17,61046,22,1620001253.4267135,1620001245.3226614,1620001253.4267135,1620001237.2186093,0
1004,0,0,1,1,149.30172851612406,128,0.1263844723021602,17,9930,1883,1620001255.227614,1620001247.1235619,1620001255.227614,1620001239.0195098,0
1001,1,1,0,0,437.20098073840956,64,0.14382341377435703,1,10892,502,1620001257.0285141,1620001248.924462,1620001257.0285141,1620001240.8204103,0
1002,1,0,1,0,562.8747068398275,128,0.022497209181733913,1,19570,1883,1620001258.8294146,1620001250.7253628,1620001258.8294146,1620001242.6213107,1
1006,0,0,1,1,444.8722467889747,255,0.02668269608022248,6,34300,1883,1620001260.630315,1620001252.526263,1620001260.630315,1620001244.4222112,0
1005,0,0,0,0,471.6813903792618,255,0.07366138228805194,1,8343,502,1620001262.4312155,1620001254.3271635,1620001262.4312155,1620001246.2231116,0
1001,0,1,1,1,299.666697275815,64,0.01888627268567938,1,64568,1883,1620001264.232116,1620001256.128064,1620001264.232116,1620001248.024012,0
1005,1,1,1,0,657.6287087941888,64,0.03644647669561817,6,34173,80,1620001266.0330164,1620001257.9289644,1620001266.0330164,1620001249.8249125,0
1001,0,1,0,1,287.30732657553204,128,0.038781549975920836,17,59548,80,1620001267.833917,1620001259.7298648,1620001267.833917,1620001251.625813,0
1001,1,0,0,0,79.41965378899329,64,0.017391292850945452,17,49079,80,1620001269.6348174,1620001261.5307653,1620001269.6348174,1620001253.4267135,0
1001,1,0,1,0,458.532245493356,255,0.02296431698904665,6,2869,443,1620001271.4357178,1620001263.3316658,1620001271.4357178,1620001255.227614,0
1002,0,1,1,0,683.0039849839912,255,0.1553775426419893,6,24708,1883,1620001273.2366183,1620001265.1325662,1620001273.2366183,1620001257.0285141,0
1001,1,1,1,0,515.9661583765953,64,0.018295678396474224,6,30882,443,1620001275.0375187,1620001266.9334667,1620001275.0375187,1620001258.8294146,0
1003,1,1,0,0,267.04059698395304,64,0.0028870153014103742,6,46354,22,1620001276.8384192,1620001268.734367,1620001276.8384192,1620001260.630315,0
1008,1,0,1,1,520.3901934812673,64,0.09925103929985066,6,43702,502,1620001278.6393197,1620001270.5352676,1620001278.6393197,1620001262.4312155,0
1005,1,0,1,0,587.6607409536699,128,0.3728998337227042,6,59468,22,1620001280.44022,1620001272.336168,1620001280.44022,1620001264.232116,0
1000,0,0,1,1,518.0633383037853,128,0.04022908732609868,1,60228,443,1620001282.2411206,1620001274.1370685,1620001282.2411206,1620001266.0330164,0
1007,0,0,0,1,447.08315062228274,255,0.012630692711487547,1,27691,80,1620001284.042021,1620001275.937969,1620001284.042021,1620001267.833917,1
1006,1,0,0,1,597.2077363285497,128,0.08448712328882714,1,26317,1883,1620001285.8429215,1620001277.7388694,1620001285.8429215,1620001269.6348174,0
1009,1,1,0,0,152.31461943597094,128,0.23682358174206863,17,57893,1883,1620001287.643822,1620001279.53977,1620001287.643822,1620001271.4357178,0
1002,0,0,0,1,321.2089218474839,128,0.15327629299332812,6,25917,80,1620001289.4447224,1620001281.3406703,1620001289.4447224,1620001273.2366183,0
1000,1,0,1,0,238.95838043893795,128,0.09742267467069489,6,5653,1883,1620001291.2456229,1620001283.1415706,1620001291.2456229,1620001275.0375187,0
1004,0,0,0,1,769.6772743976313,255,0.03784189209207252,1,6728,502,1620001293.0465233,1620001284.9424713,1620001293.0465233,1620001276.8384192,0
1003,1,0,1,1,642.4063441976775,64,0.07806244986859506,17,2800,502,1620001294.8474238,1620001286.7433717,1620001294.8474238,1620001278.6393197,0
1009,1,0,1,1,537.0250068628035,255,0.009567957345644092,1,58279,502,1620001296.6483243,1620001288.5442722,1620001296.6483243,1620001280.44022,0
1007,0,1,1,1,209.87566932943835,128,0.11361441524862848,6,49305,22,1620001298.4492247,1620001290.3451726,1620001298.4492247,1620001282.2411206,0
1000,0,0,1,1,648.8295577896238,64,0.12913334019138026,6,52460,80,1620001300.2501252,1620001292.146073,1620001300.2501252,1620001284.042021,0
1009,0,0,0,0,777.3080269983633,64,0.33533111376174196,1,49020,502,1620001302.0510256,1620001293.9469736,1620001302.0510256,1620001285.8429215,0
1000,0,0,0,1,614.2989472927125,64,0.03016422082817523,1,32260,443,1620001303.8519258,1620001295.747874,1620001303.8519258,1620001287.643822,0
1003,1,1,0,1,492.96451669928854,255,0.0018628863849975423,6,2268,502,1620001305.6528263,1620001297.5487742,1620001305.6528263,1620001289.4447224,0
1007,0,1,0,0,626.3436063701231,64,0.07887960394492888,1,2357,22,1620001307.4537268,1620001299.349675,1620001307.4537268,1620001291.2456229,0
1004,1,1,0,0,554.5832228505378,255,0.12268679233986102,6,4693,443,1620001309.2546272,1620001301.1505754,1620001309.2546272,1620001293.0465233,0
1001,0,0,1,0,685.2152467279477,255,0.1562589994552014,1,18608,80,1620001311.0555277,1620001302.9514756,1620001311.0555277,1620001294.8474238,0
1005,0,1,0,1,680.7371283585907,128,0.021534768448550703,17,51970,80,1620001312.8564281,1620001304.752376,1620001312.8564281,1620001296.6483243,0
1004,1,0,0,1,455.7868926779347,128,0.03034766446332132,6,49371,502,1620001314.6573286,1620001306.5532765,1620001314.6573286,1620001298.4492247,0
1001,0,0,0,1,367.871723423178,64,0.07186515193088297,17,56357,443,1620001316.458229,1620001308.354177,1620001316.458229,1620001300.2501252,0
1002,0,1,0,1,420.0354118627645,64,0.040137470019967016,1,28301,443,1620001318.2591295,1620001310.1550775,1620001318.2591295,1620001302.0510256,0
1008,0,0,1,1,607.1700670009868,128,0.19697730222395718,17,51630,502,1620001320.06003,1620001311.955978,1620001320.06003,1620001303.8519258,0
1006,0,0,1,1,432.11206964043834,255,0.06419981886870704,1,2957,502,1620001321.8609304,1620001313.7568784,1620001321.8609304,1620001305.6528263,0
1006,1,0,1,0,349.8940763692353,255,0.16073333490919475,17,34538,1883,1620001323.661831,1620001315.5577788,1620001323.661831,1620001307.4537268,0
1005,1,1,1,0,499.80932574935866,128,0.08689772777005039,17,57546,1883,1620001325.4627314,1620001317.3586793,1620001325.4627314,1620001309.2546272,0
1007,0,0,1,1,721.4913861337903,255,0.14832024400005278,17,42824,502,1620001327.2636318,1620001319.1595798,1620001327.2636318,1620001311.0555277,0
1003,0,0,0,1,527.0216134268127,128,0.04044750781450853,6,25381,22,1620001329.0645323,1620001320.9604802,1620001329.0645323,1620001312.8564281,0
1007,0,1,1,1,444.7564007999145,128,0.17803248262360083,17,28095,1883,1620001330.8654327,1620001322.7613807,1620001330.8654327,1620001314.6573286,1
1003,1,0,1,1,564.086358589353,64,0.03209938884709256,1,63982,502,1620001332.6663332,1620001324.5622811,1620001332.6663332,1620001316.458229,0
1007,1,0,1,1,516.8078418099735,64,0.0789875743401312,1,7851,443,1620001334.4672337,1620001326.3631816,1620001334.4672337,1620001318.2591295,0
1008,1,1,0,0,113.27259179806441,128,0.02408075364334152,6,31868,1883,1620001336.268134,1620001328.164082,1620001336.268134,1620001320.06003,0
1002,1,0,0,0,639.3518286038318,64,0.06453604179651487,6,49989,22,1620001338.0690346,1620001329.9649825,1620001338.0690346,1620001321.8609304,0
1002,0,0,1,1,581.4916879894218,128,0.03829825595825112,1,26688,80,1620001339.869935,1620001331.765883,1620001339.869935,1620001323.661831,1
1001,0,0,0,0,503.2343597891492,255,0.031020506224763503,17,1816,443,1620001341.6708355,1620001333.5667834,1620001341.6708355,1620001325.4627314,0
1009,0,0,0,1,712.4713401445841,255,0.3410793821391711,1,40719,22,1620001343.471736,1620001335.367684,1620001343.471736,1620001327.2636318,0
1002,1,0,1,1,742.5998728500396,255,0.01744416118539994,6,18675,22,1620001345.2726364,1620001337.1685843,1620001345.2726364,1620001329.0645323,0
1002,0,1,0,1,659.7537322947103,255,0.15479940378610807,6,43534,22,1620001347.0735369,1620001338.9694848,1620001347.0735369,1620001330.8654327,0
1004,1,1,0,0,329.9398367928932,128,0.41455300403092954,1,40161,443,1620001348.8744373,1620001340.7703853,1620001348.8744373,1620001332.6663332,0
1004,1,1,0,0,336.857777874608,255,0.0020102185574160237,17,48592,22,1620001350.6753376,1620001342.5712857,1620001350.6753376,1620001334.4672337,0
1001,0,1,1,1,723.4671080003967,255,0.1200736094932793,17,20098,80,1620001352.476238,1620001344.3721862,1620001352.476238,1620001336.268134,0
1009,0,0,1,0,124.55521461096004,255,0.029157203596740452,6,8898,1883,1620001354.2771385,1620001346.1730866,1620001354.2771385,1620001338.0690346,0
1005,0,0,1,0,470.23049696757727,255,0.0041330274014378275,1,17700,443,1620001356.078039,1620001347.973987,1620001356.078039,1620001339.869935,0
1004,1,0,0,1,587.9651614062165,128,0.051565322282086296,1,40656,22,1620001357.8789394,1620001349.7748876,1620001357.8789394,1620001341.6708355,1
1005,1,0,1,0,149.9184529104991,255,0.2736724561717601,6,37814,502,1620001359.6798398,1620001351.575788,1620001359.6798398,1620001343.471736,0
1000,0,0,0,0,546.8686477700599,64,0.001183485075654205,1,59772,1883,1620001361.4807403,1620001353.3766882,1620001361.4807403,1620001345.2726364,0
1004,0,1,0,1,690.8858153171905,64,0.08864545213414744,6,19056,443,1620001363.2816408,1620001355.1775887,1620001363.2816408,1620001347.0735369,0
1008,1,1,0,1,202.88478597930487,64,0.06959440453330312,17,65267,502,1620001365.0825412,1620001356.9784894,1620001365.0825412,1620001348.8744373,0
1009,0,0,1,0,831.6340413388317,64,0.20665976931374364,17,31909,502,1620001366.8834417,1620001358.7793896,1620001366.8834417,1620001350.6753376,0
1001,1,0,1,1,298.03398478021796,64,0.008774078605716643,1,12032,22,1620001368.6843421,1620001360.58029,1620001368.6843421,1620001352.476238,0
1000,1,0,1,0,614.947249295406,64,0.11442145337984087,17,45894,443,1620001370.4852426,1620001362.3811908,1620001370.4852426,1620001354.2771385,0
1009,0,1,1,1,483.2807143282736,128,0.1139777149564315,17,63705,22,1620001372.286143,1620001364.182091,1620001372.286143,1620001356.078039,0
1008,0,0,0,1,513.9031247400901,64,0.11058786756159258,6,49134,80,1620001374.0870435,1620001365.9829915,1620001374.0870435,1620001357.8789394,0
1009,0,0,1,1,243.30097286516866,255,0.28530961167374924,6,44902,502,1620001375.887944,1620001367.783892,1620001375.887944,1620001359.6798398,0
1008,0,0,0,1,752.0945924706118,64,0.17321001828839283,1,6195,80,1620001377.6888444,1620001369.5847924,1620001377.6888444,1620001361.4807403,0
1008,1,1,1,0,565.1766926700467,128,0.004287903194210469,6,10613,22,1620001379.489745,1620001371.385693,1620001379.489745,1620001363.2816408,0
1005,1,0,1,1,824.1680353806312,64,0.06369234769785247,1,19101,1883,1620001381.2906454,1620001373.1865933,1620001381.2906454,1620001365.0825412,0
1007,1,1,1,1,248.51655588419464,255,0.05074198569815731,1,7734,502,1620001383.0915458,1620001374.9874938,1620001383.0915458,1620001366.8834417,0
1000,0,1,0,1,463.7530732242612,255,0.037127706805586025,6,51213,1883,1620001384.8924463,1620001376.7883945,1620001384.8924463,1620001368.6843421,0
1009,1,1,0,0,541.9058479404415,128,0.06002703683656885,17,21260,443,1620001386.6933467,1620001378.5892947,1620001386.6933467,1620001370.4852426,0
1003,0,1,0,0,512.0766294589849,128,0.04848236004151432,17,39251,502,1620001388.4942472,1620001380.3901951,1620001388.4942472,1620001372.286143,0
1000,0,1,0,1,633.3570689344841,128,0.05662218850127165,17,15961,80,1620001390.2951477,1620001382.1910956,1620001390.2951477,1620001374.0870435,0
1007,0,1,0,1,461.21629161522486,128,0.3875781032427396,17,10778,1883,1620001392.096048,1620001383.991996,1620001392.096048,1620001375.887944,0
1000,0,0,1,1,924.4052092601372,64,0.009280958113338818,1,26712,443,1620001393.8969486,1620001385.7928967,1620001393.8969486,1620001377.6888444,0
1002,0,0,0,1,507.96846443763593,64,0.2554010711097123,17,8072,502,1620001395.697849,1620001387.593797,1620001395.697849,1620001379.489745,0
1003,0,0,0,1,40.0,255,0.06543817892634426,1,23592,443,1620001397.4987493,1620001389.3946974,1620001397.4987493,1620001381.2906454,0
1007,1,1,0,1,516.8402016678745,128,0.09774808531634371,6,33071,80,1620001399.2996497,1620001391.195598,1620001399.2996497,1620001383.0915458,0
1005,0,0,0,0,752.2927969732366,128,0.1773033695752613,6,10507,502,1620001401.1005502,1620001392.9964983,1620001401.1005502,1620001384.8924463,0
1009,1,1,1,1,315.3387796298932,64,0.04470108475142889,1,18569,443,1620001402.9014506,1620001394.7973986,1620001402.9014506,1620001386.6933467,0
1006,1,1,0,1,302.6489621657527,128,0.05628593818571496,17,18437,22,1620001404.702351,1620001396.5982993,1620001404.702351,1620001388.4942472,0
1007,0,1,1,1,331.922058732082,255,0.05268169398187239,1,29937,502,1620001406.5032516,1620001398.3991995,1620001406.5032516,1620001390.2951477,0
1001,0,0,1,1,284.7046380045742,255,0.04695733578829519,17,46241,502,1620001408.304152,1620001400.2001002,1620001408.304152,1620001392.096048,0
1009,0,1,1,1,404.1196572588012,128,0.25973498102221787,17,49146,502,1620001410.1050525,1620001402.0010004,1620001410.1050525,1620001393.8969486,0
1007,1,1,0,1,681.8594452698441,255,0.17656818134803304,1,61107,502,1620001411.905953,1620001403.801901,1620001411.905953,1620001395.697849,0
1002,0,0,1,0,805.2665456825388,255,0.011541084013419661,1,65320,22,1620001413.7068534,1620001405.6028013,1620001413.7068534,1620001397.4987493,0
1006,1,0,0,0,40.0,64,0.011442744349510654,17,34770,80,1620001415.5077538,1620001407.4037018,1620001415.5077538,1620001399.2996497,0
1002,0,1,0,0,424.30906928450855,255,0.055838819273157314,1,9733,22,1620001417.3086543,1620001409.2046022,1620001417.3086543,1620001401.1005502,0
1006,0,1,0,0,560.5395988753464,128,0.010386982366122767,17,63361,22,1620001419.1095548,1620001411.0055027,1620001419.1095548,1620001402.9014506,0
1001,1,0,0,0,540.5356726770381,128,0.0965200278256049,1,26382,443,1620001420.9104552,1620001412.8064032,1620001420.9104552,1620001404.702351,0
1009,1,0,0,0,879.9879333245779,255,0.015512469583223169,6,49552,1883,1620001422.7113557,1620001414.6073036,1620001422.7113557,1620001406.5032516,0
1005,0,0,1,1,97.86121808358645,128,0.07389257385015552,17,12047,1883,1620001424.5122561,1620001416.408204,1620001424.5122561,1620001408.304152,0
1002,1,1,1,1,40.0,64,0.0007246136957276143,6,30875,443,1620001426.3131566,1620001418.2091045,1620001426.3131566,1620001410.1050525,0
1002,1,0,0,1,912.4425048076513,255,0.03806695960501443,1,29780,22,1620001428.114057,1620001420.010005,1620001428.114057,1620001411.905953,0
1008,1,0,1,1,650.6867386494673,255,0.1130693605925687,6,64199,443,1620001429.9149575,1620001421.8109055,1620001429.9149575,1620001413.7068534,0
1006,1,0,0,1,385.72568260941796,255,0.06617239819060887,1,55305,502,1620001431.715858,1620001423.611806,1620001431.715858,1620001415.5077538,0
1004,1,1,1,1,534.319754613591,128,0.3829037831012331,17,50313,443,1620001433.5167584,1620001425.4127064,1620001433.5167584,1620001417.3086543,0
1009,0,0,1,0,548.6435245122134,128,0.20722974898257226,1,59121,443,1620001435.317659,1620001427.2136068,1620001435.317659,1620001419.1095548,0
1006,0,0,1,1,380.8958419328041,255,0.044483624788227843,1,12169,502,1620001437.1185594,1620001429.0145073,1620001437.1185594,1620001420.9104552,0
1008,1,0,1,0,528.3556741382868,128,0.004655353583430948,17,22216,1883,1620001438.9194598,1620001430.8154078,1620001438.9194598,1620001422.7113557,0
1000,0,0,1,0,570.9626749320239,128,0.1868378993433052,1,48283,502,1620001440.7203603,1620001432.6163082,1620001440.7203603,1620001424.5122561,0
1006,0,0,0,1,903.1060522725651,255,0.24217550810644706,17,19863,80,1620001442.5212607,1620001434.4172087,1620001442.5212607,1620001426.3131566,0
1005,1,1,0,1,692.6902444571082,255,0.17182900356599157,1,28434,443,1620001444.3221612,1620001436.2181091,1620001444.3221612,1620001428.114057,0
1009,0,1,1,1,847.864628048415,128,0.013690844951878329,17,41184,443,1620001446.1230614,1620001438.0190096,1620001446.1230614,1620001429.9149575,0
1008,1,1,0,1,231.28570326542115,255,0.6173050892134472,6,58947,1883,1620001447.9239619,1620001439.8199098,1620001447.9239619,1620001431.715858,0
1000,1,0,1,1,430.56054807642846,255,0.02991937065291545,1,12471,22,1620001449.7248623,1620001441.6208105,1620001449.7248623,1620001433.5167584,0
1003,0,1,0,1,548.4493967863251,255,0.12880971267198404,1,53442,502,1620001451.5257628,1620001443.4217107,1620001451.5257628,1620001435.317659,0
1008,1,1,1,1,115.77984937340742,255,0.2386345864411774,1,22057,22,1620001453.3266633,1620001445.2226114,1620001453.3266633,1620001437.1185594,0
1003,1,1,1,0,736.371867621856,128,0.026877803743633518,17,42379,80,1620001455.1275637,1620001447.0235116,1620001455.1275637,1620001438.9194598,0
1009,1,0,1,1,628.4419544622525,255,0.2388781035381578,1,11153,502,1620001456.9284642,1620001448.824412,1620001456.9284642,1620001440.7203603,0
1002,1,0,0,1,426.5682960092272,64,0.03703126290011074,17,31382,80,1620001458.7293646,1620001450.6253126,1620001458.7293646,1620001442.5212607,0
1008,1,1,0,0,463.333131299843,255,0.37470689944715974,1,14931,80,1620001460.530265,1620001452.426213,1620001460.530265,1620001444.3221612,0
1001,0,1,1,1,750.7733777647496,64,0.03302556283666803,6,22661,80,1620001462.3311656,1620001454.2271132,1620001462.3311656,1620001446.1230614,0
1003,0,0,1,1,340.9124104726069,255,0.30669238051343467,1,39220,502,1620001464.132066,1620001456.028014,1620001464.132066,1620001447.9239619,0
1005,1,0,0,0,758.8370699324574,64,0.005503148418685902,6,23393,502,1620001465.9329665,1620001457.8289144,1620001465.9329665,1620001449.7248623,0
1001,1,1,0,1,449.5922526827424,64,0.123536719696623,17,30505,1883,1620001467.733867,1620001459.6298149,1620001467.733867,1620001451.5257628,0
1007,0,0,0,1,651.1992105553833,255,0.07595244767275611,6,32705,443,1620001469.5347674,1620001461.4307153,1620001469.5347674,1620001453.3266633,0
1007,1,1,0,1,517.3528411157974,255,0.06498522343823936,1,3613,22,1620001471.3356678,1620001463.2316158,1620001471.3356678,1620001455.1275637,0
1000,0,0,0,1,946.6387693302371,255,0.025295131414826477,1,24584,22,1620001473.1365683,1620001465.0325162,1620001473.1365683,1620001456.9284642,0
1002,1,1,1,1,322.52152197849483,64,0.12228015911987372,17,4058,80,1620001474.9374688,1620001466.8334165,1620001474.9374688,1620001458.7293646,0
1009,1,1,0,1,385.34347548461324,128,0.02117209031768958,1,1193,502,1620001476.7383692,1620001468.634317,1620001476.7383692,1620001460.530265,1
1008,1,0,1,0,198.7749044622338,128,0.08048428230134475,1,27937,502,1620001478.5392697,1620001470.4352176,1620001478.5392697,1620001462.3311656,0
1004,1,1,1,1,280.6485665941358,255,0.0292018612384274,17,4263,80,1620001480.3401701,1620001472.236118,1620001480.3401701,1620001464.132066,0
1005,1,1,0,1,642.6256215389033,128,0.3114997452122244,17,4439,443,1620001482.1410706,1620001474.0370185,1620001482.1410706,1620001465.9329665,0
1003,1,1,0,0,820.0327277730122,128,0.002904906183198695,6,20976,22,1620001483.941971,1620001475.837919,1620001483.941971,1620001467.733867,0
1009,1,0,1,0,665.2961740720554,255,0.022280395912121193,17,12432,1883,1620001485.7428715,1620001477.6388195,1620001485.7428715,1620001469.5347674,0
1001,0,0,0,1,498.92170005462674,64,0.027748174827852093,1,4508,443,1620001487.543772,1620001479.43972,1620001487.543772,1620001471.3356678,0
1007,0,0,1,0,321.2770996687893,255,0.053455123973502154,17,55011,502,1620001489.3446724,1620001481.2406201,1620001489.3446724,1620001473.1365683,0
1005,0,1,0,1,679.68373432543,128,0.026491683393384403,1,19249,80,1620001491.145573,1620001483.0415206,1620001491.145573,1620001474.9374688,0
1004,1,0,0,1,310.27961896283244,64,0.06759933332229633,6,15947,22,1620001492.9464731,1620001484.8424213,1620001492.9464731,1620001476.7383692,0
1008,1,1,0,0,230.20965313884813,128,0.2059368545121339,17,57054,80,1620001494.7473736,1620001486.6433218,1620001494.7473736,1620001478.5392697,1
1000,1,1,1,1,438.30613335801905,64,0.12450150363229713,1,62128,502,1620001496.548274,1620001488.444222,1620001496.548274,1620001480.3401701,0
1004,1,0,0,1,93.21187662230076,128,0.08674100492661907,17,21960,80,1620001498.3491745,1620001490.2451224,1620001498.3491745,1620001482.1410706,0
1005,1,0,1,0,223.72302508955025,255,0.009321587018345512,17,40636,22,1620001500.150075,1620001492.046023,1620001500.150075,1620001483.941971,0
1004,1,1,0,0,877.1980671765641,128,0.11841443877847711,17,20434,80,1620001501.9509754,1620001493.8469234,1620001501.9509754,1620001485.7428715,0
1005,1,1,1,0,186.63831510831952,128,0.01820187438195593,17,31021,22,1620001503.7518759,1620001495.6478238,1620001503.7518759,1620001487.543772,0
1005,0,0,0,0,262.37032379083774,64,0.15434974961064046,6,56365,80,1620001505.5527763,1620001497.4487243,1620001505.5527763,1620001489.3446724,0
1006,1,0,1,1,514.3665815413328,128,0.028775775332904388,1,37757,80,1620001507.3536768,1620001499.2496247,1620001507.3536768,1620001491.145573,0
1003,0,0,1,0,524.7807760060031,255,0.05396516781503759,17,40976,22,1620001509.1545773,1620001501.0505252,1620001509.1545773,1620001492.9464731,0
1007,0,1,1,0,453.0751405242292,255,0.04315065660453615,1,59969,80,1620001510.9554777,1620001502.8514256,1620001510.9554777,1620001494.7473736,0
1006,1,1,1,0,99.32525022177697,255,0.19576765046348837,6,22887,443,1620001512.7563782,1620001504.652326,1620001512.7563782,1620001496.548274,1
1008,1,1,1,0,669.697865527558,64,0.013529804791387443,1,6404,1883,1620001514.5572786,1620001506.4532266,1620001514.5572786,1620001498.3491745,0
1006,0,1,1,0,411.3893200484007,64,0.08338928361073043,1,51322,443,1620001516.358179,1620001508.254127,1620001516.358179,1620001500.150075,0
1002,0,1,0,1,744.0899044349802,128,0.015322298795003514,6,21734,1883,1620001518.1590796,1620001510.0550275,1620001518.1590796,1620001501.9509754,0
1002,1,0,1,0,371.03647569423055,128,0.12200880811120277,17,16309,443,1620001519.95998,1620001511.855928,1620001519.95998,1620001503.7518759,0
1007,1,0,1,1,696.4988678281154,128,0.23547011235728618,1,28284,1883,1620001521.7608805,1620001513.6568284,1620001521.7608805,1620001505.5527763,0
1004,0,1,1,0,759.216689815887,64,0.057023537089820324,1,33903,80,1620001523.561781,1620001515.4577289,1620001523.561781,1620001507.3536768,0
1003,1,1,0,0,406.61154484923594,64,0.06696108660098796,17,17167,22,1620001525.3626814,1620001517.2586293,1620001525.3626814,1620001509.1545773,0
1007,1,0,0,0,676.0900388211294,128,0.262310495873744,17,50768,22,1620001527.1635818,1620001519.0595298,1620001527.1635818,1620001510.9554777,0
1005,1,0,0,0,234.29106437672056,64,0.07360367039652983,1,8437,502,1620001528.9644823,1620001520.8604302,1620001528.9644823,1620001512.7563782,1
1001,0,0,1,0,552.7378974138987,64,0.06686466606612394,6,32602,1883,1620001530.7653828,1620001522.6613307,1620001530.7653828,1620001514.5572786,0
1003,0,0,0,0,744.4455416709678,255,0.08635301334266354,17,15750,502,1620001532.5662832,1620001524.4622312,1620001532.5662832,1620001516.358179,0
1003,0,1,0,0,603.6985691928247,255,0.11687013419094405,17,58355,502,1620001534.3671837,1620001526.2631316,1620001534.3671837,1620001518.1590796,0
1005,1,0,1,0,981.2447845706479,128,0.011303810762626208,6,28039,1883,1620001536.1680841,1620001528.064032,1620001536.1680841,1620001519.95998,0
1005,1,1,1,1,614.8715984582311,128,0.17209871372728947,1,64839,22,1620001537.9689846,1620001529.8649325,1620001537.9689846,1620001521.7608805,0
1000,0,0,0,0,426.9457494784998,255,0.05718238014608822,17,51414,1883,1620001539.7698848,1620001531.665833,1620001539.7698848,1620001523.561781,0
1007,0,0,1,1,1068.1772786002996,64,0.00750991661907922,1,7007,80,1620001541.5707853,1620001533.4667335,1620001541.5707853,1620001525.3626814,0
1005,0,0,1,0,826.7402034695101,128,0.15426332228635944,1,20202,502,1620001543.3716857,1620001535.267634,1620001543.3716857,1620001527.1635818,0
1002,1,1,1,1,179.41848764032065,128,0.047312846114951235,1,28014,502,1620001545.1725862,1620001537.0685344,1620001545.1725862,1620001528.9644823,0
1008,0,1,1,0,343.16727901433705,128,0.010576892692975043,6,11345,1883,1620001546.9734867,1620001538.8694348,1620001546.9734867,1620001530.7653828,0
1001,0,0,0,0,292.3683785917353,64,0.1004518410649679,1,61221,502,1620001548.7743871,1620001540.6703353,1620001548.7743871,1620001532.5662832,0
1007,1,1,1,0,629.1259209018111,255,0.21213587476723006,1,44853,22,1620001550.5752876,1620001542.4712358,1620001550.5752876,1620001534.3671837,0
1009,1,1,0,1,614.2316073633577,128,0.21870580171156498,17,63563,502,1620001552.376188,1620001544.2721362,1620001552.376188,1620001536.1680841,0
1002,1,0,0,1,612.6903864790999,255,0.3162105085820726,17,37390,1883,1620001554.1770885,1620001546.0730364,1620001554.1770885,1620001537.9689846,0
1004,0,0,0,1,174.01810810020984,255,0.20227244767905403,6,53979,22,1620001555.977989,1620001547.873937,1620001555.977989,1620001539.7698848,0
1005,1,1,0,1,372.38169067899014,64,0.00021432143895517265,6,35318,22,1620001557.7788894,1620001549.6748376,1620001557.7788894,1620001541.5707853,0
1009,1,1,1,0,470.1429490552712,64,0.04784248547007125,17,41701,502,1620001559.5797899,1620001551.4757378,1620001559.5797899,1620001543.3716857,0
1005,0,1,1,0,135.6158901358556,64,0.17067342528304433,17,35761,1883,1620001561.3806903,1620001553.2766385,1620001561.3806903,1620001545.1725862,0
1003,1,0,1,0,325.63444668842186,64,0.045610546728085184,6,42935,502,1620001563.1815908,1620001555.077539,1620001563.1815908,1620001546.9734867,0
1002,0,0,0,1,771.2867420331464,64,0.09201695105689374,1,18910,80,1620001564.9824913,1620001556.8784392,1620001564.9824913,1620001548.7743871,0
1003,0,1,0,0,189.18480040608233,64,0.0932209128376373,6,54643,80,1620001566.7833917,1620001558.6793396,1620001566.7833917,1620001550.5752876,0
1000,1,0,0,1,791.0520987436962,128,0.04541701297634695,1,45320,22,1620001568.5842922,1620001560.48024,1620001568.5842922,1620001552.376188,0
1003,1,0,1,1,718.2298185071005,255,0.23483560559952685,17,23815,502,1620001570.3851926,1620001562.2811406,1620001570.3851926,1620001554.1770885,0
1000,1,1,0,1,441.85255603910383,64,0.06996248059208081,17,9325,80,1620001572.186093,1620001564.0820413,1620001572.186093,1620001555.977989,0
1000,1,1,1,1,370.22540012646306,128,0.06250852600233915,17,62354,443,1620001573.9869936,1620001565.8829415,1620001573.9869936,1620001557.7788894,0
1009,1,0,1,1,666.3655244290601,255,0.5996977982959355,1,36146,80,1620001575.787894,1620001567.6838422,1620001575.787894,1620001559.5797899,0
1005,1,0,1,0,342.45196782087385,64,0.068023167409448,6,39111,502,1620001577.5887945,1620001569.4847426,1620001577.5887945,1620001561.3806903,0
1004,0,1,1,1,352.4004100107752,64,0.019649949272713702,1,34017,502,1620001579.389695,1620001571.2856429,1620001579.389695,1620001563.1815908,0
1003,0,0,0,1,495.2263191990543,128,0.07196337181420424,6,48312,80,1620001581.1905954,1620001573.0865433,1620001581.1905954,1620001564.9824913,0
1002,1,0,1,0,73.95328084261638,255,0.16820985852306136,6,36803,502,1620001582.9914958,1620001574.8874438,1620001582.9914958,1620001566.7833917,0
1000,0,1,0,1,210.00488031965875,64,0.14999573668100266,6,37918,502,1620001584.7923963,1620001576.6883442,1620001584.7923963,1620001568.5842922,0
1005,1,1,1,1,436.8677501997034,255,0.1553916951500949,17,34405,443,1620001586.5932968,1620001578.489245,1620001586.5932968,1620001570.3851926,0
1001,0,0,0,0,595.1392064425198,128,0.12310829320788966,6,15106,22,1620001588.394197,1620001580.2901452,1620001588.394197,1620001572.186093,0
1007,0,0,0,0,339.6852123842643,64,0.029332171748547527,17,50274,502,1620001590.1950974,1620001582.0910459,1620001590.1950974,1620001573.9869936,0
1009,0,0,1,0,460.4779043956635,255,0.19811110972172297,6,6482,1883,1620001591.995998,1620001583.891946,1620001591.995998,1620001575.787894,0
1004,1,1,1,1,177.3081183724736,128,0.22390795931417662,6,42794,22,1620001593.7968984,1620001585.6928463,1620001593.7968984,1620001577.5887945,0
1006,0,0,1,0,686.4967704540641,128,0.0215861004322352,17,23324,22,1620001595.5977988,1620001587.4937468,1620001595.5977988,1620001579.389695,0
1009,1,0,0,0,544.0164659121963,64,0.01397859246968353,17,53513,1883,1620001597.3986993,1620001589.2946472,1620001597.3986993,1620001581.1905954,0
1001,0,1,1,0,561.7091805278434,255,0.3713375798119841,1,3723,80,1620001599.1995997,1620001591.0955477,1620001599.1995997,1620001582.9914958,0
1007,0,1,1,1,597.650123596979,64,0.2027410643131926,6,30509,443,1620001601.0005002,1620001592.8964481,1620001601.0005002,1620001584.7923963,0
1001,0,0,0,0,515.6255006989571,64,0.22371358667675204,17,56093,502,1620001602.8014007,1620001594.6973486,1620001602.8014007,1620001586.5932968,0
1003,0,1,1,1,403.2454482852001,255,0.2174863912472012,1,41309,80,1620001604.6023011,1620001596.498249,1620001604.6023011,1620001588.394197,0
1000,0,1,0,1,725.9309097440616,255,0.07802025382266636,1,2043,1883,1620001606.4032016,1620001598.2991495,1620001606.4032016,1620001590.1950974,1
1004,1,0,1,0,531.3762295521547,255,0.10395938596158899,17,53201,443,1620001608.204102,1620001600.10005,1620001608.204102,1620001591.995998,0
1008,1,1,0,1,466.8561142653151,128,0.07882556554020956,6,33495,443,1620001610.0050025,1620001601.9009504,1620001610.0050025,1620001593.7968984,0
1000,0,1,0,1,498.2690692158992,128,0.005256394257212141,1,49695,443,1620001611.805903,1620001603.701851,1620001611.805903,1620001595.5977988,0
1008,0,0,1,0,494.006986702252,255,0.1368466566258652,6,53704,1883,1620001613.6068034,1620001605.5027514,1620001613.6068034,1620001597.3986993,0
1007,0,1,0,1,464.8468792149376,128,0.07038685158991781,6,21294,80,1620001615.4077039,1620001607.3036518,1620001615.4077039,1620001599.1995997,0
1005,0,0,1,0,589.2212725015816,64,0.10432979526673299,1,23639,502,1620001617.2086043,1620001609.1045523,1620001617.2086043,1620001601.0005002,0
1006,1,0,1,1,312.8279555755263,255,0.06984407769018124,17,55358,443,1620001619.0095048,1620001610.9054527,1620001619.0095048,1620001602.8014007,0
1002,0,1,0,1,327.4417928519384,64,0.06769024876092264,6,63385,443,1620001620.8104053,1620001612.7063532,1620001620.8104053,1620001604.6023011,0
1000,1,1,1,0,611.8527378857272,255,0.018848745832873506,17,14722,80,1620001622.6113057,1620001614.5072536,1620001622.6113057,1620001606.4032016,0
1004,0,1,0,0,470.9521318544408,64,0.03267191541287471,1,49942,443,1620001624.4122062,1620001616.308154,1620001624.4122062,1620001608.204102,0
1001,1,0,0,1,694.2786204286192,255,0.017298847613589213,6,39370,443,1620001626.2131066,1620001618.1090546,1620001626.2131066,1620001610.0050025,0
1004,0,1,0,1,581.7758001263727,64,0.021774104072239037,17,7753,1883,1620001628.014007,1620001619.909955,1620001628.014007,1620001611.805903,1
1007,0,0,0,0,389.4744179847536,255,0.361108100149377,17,40753,22,1620001629.8149076,1620001621.7108555,1620001629.8149076,1620001613.6068034,0
1008,1,1,0,1,615.019272625735,255,0.016618853163851945,6,12195,80,1620001631.615808,1620001623.511756,1620001631.615808,1620001615.4077039,0
1001,0,1,0,1,739.4381915917871,128,0.031371182516613645,17,14971,80,1620001633.4167085,1620001625.3126564,1620001633.4167085,1620001617.2086043,1
1002,0,1,0,1,589.3959112242508,64,0.08930373440774098,17,61708,80,1620001635.2176087,1620001627.1135569,1620001635.2176087,1620001619.0095048,0
1002,0,0,0,1,633.1169886133594,128,0.094206653250733,1,56189,1883,1620001637.0185091,1620001628.9144573,1620001637.0185091,1620001620.8104053,0
1000,1,1,1,0,465.64582987931936,64,0.01672053403444371,1,50972,1883,1620001638.8194096,1620001630.7153578,1620001638.8194096,1620001622.6113057,0
1007,0,1,1,0,698.6079765761006,128,0.15785083306510092,17,35749,502,1620001640.62031,1620001632.516258,1620001640.62031,1620001624.4122062,0
1005,0,0,0,0,383.86191701407125,255,0.1538061267986025,17,20474,1883,1620001642.4212105,1620001634.3171587,1620001642.4212105,1620001626.2131066,0
1007,1,0,1,0,567.7086051481033,128,0.027091372262087826,6,14324,80,1620001644.222111,1620001636.1180592,1620001644.222111,1620001628.014007,0
1008,1,1,1,0,1013.9012304871866,128,0.03406136240859524,1,61388,502,1620001646.0230114,1620001637.9189594,1620001646.0230114,1620001629.8149076,1
1004,1,1,1,0,607.776211205132,255,0.27804251946921815,6,20088,22,1620001647.823912,1620001639.71986,1620001647.823912,1620001631.615808,0
1002,0,1,1,1,415.8577538816263,128,0.17468135187573575,17,5465,443,1620001649.6248124,1620001641.5207603,1620001649.6248124,1620001633.4167085,0
1004,0,0,1,0,415.3415516617201,255,0.1196656411397264,6,46803,443,1620001651.4257128,1620001643.3216605,1620001651.4257128,1620001635.2176087,0
1004,0,0,1,1,485.7316605419311,64,0.008581197457192997,17,20356,502,1620001653.2266133,1620001645.1225612,1620001653.2266133,1620001637.0185091,0
1004,1,0,0,1,670.2491563458822,128,0.054173868148042065,1,21139,22,1620001655.0275137,1620001646.9234617,1620001655.0275137,1620001638.8194096,0
1002,0,0,1,1,529.1555018334765,255,0.08193951551051586,1,34893,443,1620001656.8284142,1620001648.7243621,1620001656.8284142,1620001640.62031,0
1009,0,1,1,0,370.29443735232064,255,0.020753018671841893,17,22892,502,1620001658.6293147,1620001650.5252626,1620001658.6293147,1620001642.4212105,0
1003,1,0,1,1,369.940601442262,128,0.05946177918066371,1,43021,1883,1620001660.4302151,1620001652.3261628,1620001660.4302151,1620001644.222111,0
1008,1,0,1,0,530.409866204596,64,0.09188587200568843,17,21639,80,1620001662.2311156,1620001654.1270633,1620001662.2311156,1620001646.0230114,0
1009,1,0,0,1,508.47899734775814,128,0.03965698090242502,6,14639,22,1620001664.032016,1620001655.927964,1620001664.032016,1620001647.823912,0
1008,1,1,0,1,590.9952338238041,255,0.1518431612641692,17,15756,443,1620001665.8329165,1620001657.7288642,1620001665.8329165,1620001649.6248124,0
1001,1,1,0,0,683.4979791569789,64,0.18353953041291096,6,26391,80,1620001667.633817,1620001659.529765,1620001667.633817,1620001651.4257128,0
1007,0,0,0,1,1045.4719404818998,128,0.0390984661810397,17,46158,502,1620001669.4347174,1620001661.3306653,1620001669.4347174,1620001653.2266133,1
1007,1,0,1,1,207.59329664647993,255,0.1824223702914176,1,43762,443,1620001671.2356179,1620001663.1315658,1620001671.2356179,1620001655.0275137,0
1006,0,1,0,1,637.3724254572883,128,0.01093423951648217,17,46784,80,1620001673.0365183,1620001664.9324663,1620001673.0365183,1620001656.8284142,0
1007,0,1,0,1,519.6615416776581,64,0.18184881096464423,17,2005,1883,1620001674.8374188,1620001666.7333665,1620001674.8374188,1620001658.6293147,0
1002,1,1,0,0,131.08475377788233,64,0.016575997798771943,17,63905,22,1620001676.6383193,1620001668.534267,1620001676.6383193,1620001660.4302151,0
1005,1,1,0,1,749.9061447303455,64,0.008656836877923301,1,59633,502,1620001678.4392197,1620001670.3351676,1620001678.4392197,1620001662.2311156,0
1000,1,1,1,1,584.2346453163894,64,0.10265951273940271,17,22578,443,1620001680.2401202,1620001672.1360679,1620001680.2401202,1620001664.032016,0
1006,0,1,0,0,659.9612585640313,64,0.06385403768478619,1,26343,1883,1620001682.0410204,1620001673.9369686,1620001682.0410204,1620001665.8329165,0
1000,1,1,1,1,160.11621098046348,128,0.23847782824359032,17,17154,22,1620001683.8419209,1620001675.737869,1620001683.8419209,1620001667.633817,0
1008,1,1,0,1,455.91661450035826,64,0.0451282678658147,6,19839,22,1620001685.6428213,1620001677.5387692,1620001685.6428213,1620001669.4347174,0
1000,1,0,1,1,284.1606110211408,64,0.03384874345820298,17,9590,1883,1620001687.4437218,1620001679.3396697,1620001687.4437218,1620001671.2356179,0
1000,1,0,1,1,932.6201885361223,255,0.06946180740820272,6,27353,443,1620001689.2446222,1620001681.1405702,1620001689.2446222,1620001673.0365183,0
1006,1,0,0,0,728.9100691488762,64,0.06087071137994008,1,7373,22,1620001691.0455227,1620001682.9414706,1620001691.0455227,1620001674.8374188,0
1001,0,0,0,1,363.8064433429076,255,0.04222472124924296,1,54073,502,1620001692.8464231,1620001684.742371,1620001692.8464231,1620001676.6383193,0
1004,0,0,0,0,192.67221981007955,255,0.11833251051132043,17,11752,80,1620001694.6473236,1620001686.5432715,1620001694.6473236,1620001678.4392197,0
1007,0,0,0,1,538.8110132767509,255,0.1425292328164787,1,41340,502,1620001696.448224,1620001688.344172,1620001696.448224,1620001680.2401202,0
1007,1,1,1,1,718.4844004588721,128,0.1917213643932622,17,19399,22,1620001698.2491245,1620001690.1450725,1620001698.2491245,1620001682.0410204,0
1002,1,1,1,1,152.98927891281414,128,0.3606621529612453,1,53104,80,1620001700.050025,1620001691.945973,1620001700.050025,1620001683.8419209,0
1006,1,0,0,0,313.64506580136606,255,0.031014064495017136,6,22838,1883,1620001701.8509254,1620001693.7468734,1620001701.8509254,1620001685.6428213,0
1002,0,0,0,1,278.88305819720824,128,0.12591102587042396,1,37238,80,1620001703.651826,1620001695.5477738,1620001703.651826,1620001687.4437218,0
1005,1,1,1,1,673.3892331821174,64,0.05013015149136138,6,56951,80,1620001705.4527264,1620001697.3486743,1620001705.4527264,1620001689.2446222,0
1005,1,1,0,0,426.0341822910975,128,0.11303567710982342,17,58959,80,1620001707.2536268,1620001699.1495748,1620001707.2536268,1620001691.0455227,0
1002,1,1,1,0,434.41269552449893,64,0.06462286531899146,17,22569,22,1620001709.0545273,1620001700.9504752,1620001709.0545273,1620001692.8464231,1
1006,0,0,0,0,534.9309361277935,64,0.5078877106830325,17,46612,443,1620001710.8554277,1620001702.7513757,1620001710.8554277,1620001694.6473236,0
1002,1,1,1,0,324.3438375341972,128,0.13052754007481301,6,19977,22,1620001712.6563282,1620001704.5522761,1620001712.6563282,1620001696.448224,0
1007,0,0,1,1,211.26265265448706,128,0.30468424359601637,17,3896,443,1620001714.4572287,1620001706.3531766,1620001714.4572287,1620001698.2491245,0
1009,1,0,1,1,773.937032472057,255,0.18016252735096802,17,10392,1883,1620001716.2581291,1620001708.154077,1620001716.2581291,1620001700.050025,0
1003,0,1,1,1,792.4971416959188,128,0.23320243173680302,6,35127,1883,1620001718.0590296,1620001709.9549775,1620001718.0590296,1620001701.8509254,0
1000,0,1,1,1,535.9164918926357,128,0.1684264897248349,1,6437,1883,1620001719.85993,1620001711.755878,1620001719.85993,1620001703.651826,0
1003,0,0,0,0,550.431101133524,128,0.06146301845790928,17,30293,1883,1620001721.6608305,1620001713.5567784,1620001721.6608305,1620001705.4527264,0
1006,1,1,1,1,752.2027953160016,64,0.029006952461150315,1,50288,1883,1620001723.461731,1620001715.357679,1620001723.461731,1620001707.2536268,0
1003,1,1,0,1,531.330711320748,64,0.046254380378240215,1,21180,502,1620001725.2626314,1620001717.1585793,1620001725.2626314,1620001709.0545273,0
1005,0,0,1,1,416.18441881127086,64,0.0020443790089870978,17,14447,22,1620001727.0635319,1620001718.9594798,1620001727.0635319,1620001710.8554277,0
1008,0,1,1,1,507.8678253554926,255,0.07423230707879104,17,39086,443,1620001728.8644323,1620001720.7603803,1620001728.8644323,1620001712.6563282,0
1000,1,0,0,0,778.6337274334945,255,0.07033142914544344,6,43829,1883,1620001730.6653326,1620001722.5612807,1620001730.6653326,1620001714.4572287,0
1004,1,0,0,1,510.66433368576116,255,0.07449679083960414,6,63789,502,1620001732.466233,1620001724.3621812,1620001732.466233,1620001716.2581291,0
1006,0,1,0,1,366.1234930692895,64,0.3650860423155572,17,3011,502,1620001734.2671335,1620001726.1630816,1620001734.2671335,1620001718.0590296,0
1000,1,0,0,1,529.4004098570196,128,0.2424233127010128,1,64003,502,1620001736.068034,1620001727.963982,1620001736.068034,1620001719.85993,0
1003,1,0,1,0,631.2446275071528,255,0.017639449060147694,6,38621,22,1620001737.8689344,1620001729.7648826,1620001737.8689344,1620001721.6608305,1
1005,1,1,0,0,607.2506989811397,255,0.04602632555700755,6,19393,1883,1620001739.6698349,1620001731.565783,1620001739.6698349,1620001723.461731,0
1001,1,1,1,1,610.5647896143219,64,0.05515715438592526,17,28892,502,1620001741.4707353,1620001733.3666835,1620001741.4707353,1620001725.2626314,0
1009,0,1,0,1,334.66446417331395,255,0.04471201336456314,17,12458,502,1620001743.2716358,1620001735.1675837,1620001743.2716358,1620001727.0635319,0
1004,1,0,0,1,654.0207133116913,128,0.16019458660536653,17,64829,1883,1620001745.0725362,1620001736.9684842,1620001745.0725362,1620001728.8644323,0
1009,1,0,1,0,505.6931878424578,64,0.07424165662596072,17,55267,22,1620001746.8734367,1620001738.7693849,1620001746.8734367,1620001730.6653326,0
1000,0,1,1,1,357.641766506109,64,0.0848865327823129,6,15572,502,1620001748.6743371,1620001740.570285,1620001748.6743371,1620001732.466233,0
1005,0,0,0,1,652.4303427304067,128,0.1917414934470687,6,17660,443,1620001750.4752376,1620001742.3711858,1620001750.4752376,1620001734.2671335,0
1005,1,1,1,1,409.27223021664724,128,0.16395268452591316,6,58491,80,1620001752.276138,1620001744.1720862,1620001752.276138,1620001736.068034,0
1003,1,1,1,0,185.14053028888932,128,0.014180728390412954,1,33407,80,1620001754.0770385,1620001745.9729865,1620001754.0770385,1620001737.8689344,0
1007,1,0,1,1,299.87952377793556,255,0.1251464855701194,6,43220,80,1620001755.877939,1620001747.773887,1620001755.877939,1620001739.6698349,0
1003,1,1,1,1,463.6726133905834,128,0.05717017554724077,6,18031,22,1620001757.6788394,1620001749.5747874,1620001757.6788394,1620001741.4707353,0
1007,0,0,1,0,615.6604564222558,64,0.03490595902951884,17,36948,502,1620001759.47974,1620001751.3756878,1620001759.47974,1620001743.2716358,0
1007,0,0,1,0,327.18600958238187,128,0.005131310605978604,6,31235,80,1620001761.2806404,1620001753.1765885,1620001761.2806404,1620001745.0725362,0
1004,0,1,1,1,451.86750791249307,64,0.06679660245857455,6,12352,80,1620001763.0815408,1620001754.9774888,1620001763.0815408,1620001746.8734367,0
1003,1,0,1,0,256.67855366738837,64,0.04391822158499813,6,4413,1883,1620001764.8824413,1620001756.7783895,1620001764.8824413,1620001748.6743371,0
1001,1,1,0,1,696.4065832479622,255,0.02897014963515586,17,53593,502,1620001766.6833417,1620001758.57929,1620001766.6833417,1620001750.4752376,0
1002,1,0,1,0,843.4662227911103,128,0.11863677847630179,6,60023,502,1620001768.4842422,1620001760.3801901,1620001768.4842422,1620001752.276138,0
1002,1,0,0,0,821.8565048976641,255,0.1467441022960867,6,10482,1883,1620001770.2851427,1620001762.1810906,1620001770.2851427,1620001754.0770385,0
1003,0,0,1,1,692.9959100972276,128,0.02807587858433166,1,3969,502,1620001772.0860431,1620001763.981991,1620001772.0860431,1620001755.877939,0
1003,0,1,1,1,672.5019914240523,128,0.005071181787710195,1,10376,443,1620001773.8869436,1620001765.7828915,1620001773.8869436,1620001757.6788394,0
1009,1,0,1,1,85.62409511935947,128,0.18888390372073485,1,11510,22,1620001775.687844,1620001767.5837922,1620001775.687844,1620001759.47974,0
1004,0,1,1,0,535.434646444021,128,0.0010009671230119777,1,42424,1883,1620001777.4887443,1620001769.3846924,1620001777.4887443,1620001761.2806404,0
1003,1,0,0,1,400.78147526801837,128,0.27664077665075315,17,3116,80,1620001779.2896447,1620001771.1855931,1620001779.2896447,1620001763.0815408,0
1009,1,0,0,1,676.0932722089802,64,0.09878401023038094,1,52881,502,1620001781.0905452,1620001772.9864933,1620001781.0905452,1620001764.8824413,0
1007,0,1,1,1,40.0,64,0.038838181485353986,6,65391,443,1620001782.8914456,1620001774.7873936,1620001782.8914456,1620001766.6833417,0
1005,1,1,0,1,538.5935405540356,128,0.02829969442607008,1,37551,443,1620001784.692346,1620001776.588294,1620001784.692346,1620001768.4842422,0
1005,1,1,1,1,457.1112432335195,64,0.0009046460374311466,17,6136,22,1620001786.4932466,1620001778.3891945,1620001786.4932466,1620001770.2851427,0
1007,0,1,1,0,723.6859865862808,255,0.026849586649096865,1,17961,443,1620001788.294147,1620001780.190095,1620001788.294147,1620001772.0860431,0
1006,1,1,0,1,809.5974107349477,255,0.014818486252634329,1,38696,502,1620001790.0950475,1620001781.9909954,1620001790.0950475,1620001773.8869436,1
1009,1,0,0,1,314.23079659744633,255,0.09471784350756753,17,47050,502,1620001791.895948,1620001783.7918959,1620001791.895948,1620001775.687844,0
1009,0,0,1,0,323.25791282063705,128,0.018217627366062174,17,2136,443,1620001793.6968484,1620001785.5927963,1620001793.6968484,1620001777.4887443,0
1007,1,1,1,1,546.0993242423427,128,0.07521115860637959,17,36569,502,1620001795.4977489,1620001787.3936968,1620001795.4977489,1620001779.2896447,0
1001,0,0,0,1,846.7525383043084,64,0.08918821165449221,17,32764,502,1620001797.2986493,1620001789.1945972,1620001797.2986493,1620001781.0905452,0
1008,1,0,1,1,512.0289354566032,64,0.03538812760751166,17,24505,80,1620001799.0995498,1620001790.9954977,1620001799.0995498,1620001782.8914456,0
1000,0,0,0,1,244.16771692913392,64,0.0035694484590822967,17,49379,1883,1620001800.9004502,1620001792.7963982,1620001800.9004502,1620001784.692346,0
1007,0,1,1,1,378.82631076734145,255,0.0037965537055248653,6,11049,502,1620001802.7013507,1620001794.5972986,1620001802.7013507,1620001786.4932466,0
1003,0,0,1,0,540.5328328926923,255,0.002670064283308365,1,35106,502,1620001804.5022511,1620001796.398199,1620001804.5022511,1620001788.294147,0
1003,1,0,0,0,548.0404857127912,255,0.13437126376355957,1,53669,22,1620001806.3031516,1620001798.1990995,1620001806.3031516,1620001790.0950475,1
1004,0,0,0,0,359.1824728815253,255,0.03827398511729099,17,61506,1883,1620001808.104052,1620001800.0,1620001808.104052,1620001791.895948,0
1007,0,1,0,1,374.8418612440756,64,0.15911078686985597,17,14586,1883,1620001809.9049525,1620001801.8009005,1620001809.9049525,1620001793.6968484,0
1004,0,0,1,0,303.68640108872034,128,0.056516359029687685,6,12328,1883,1620001811.705853,1620001803.601801,1620001811.705853,1620001795.4977489,0
1007,0,0,1,1,728.2342367707591,128,0.06033030045917112,6,58466,443,1620001813.5067534,1620001805.4027014,1620001813.5067534,1620001797.2986493,0
1009,0,1,1,1,333.04496414132205,255,0.07192501223417912,17,57649,80,1620001815.307654,1620001807.2036018,1620001815.307654,1620001799.0995498,0
1000,1,1,1,1,407.0411592163432,128,0.12483826733239223,6,8039,80,1620001817.1085544,1620001809.0045023,1620001817.1085544,1620001800.9004502,0
1009,1,0,0,0,401.3494166952095,128,0.03195207406866784,6,45909,22,1620001818.9094548,1620001810.8054028,1620001818.9094548,1620001802.7013507,0
1008,1,0,1,0,178.80855049692173,128,0.01296388066155551,17,59847,1883,1620001820.7103553,1620001812.6063032,1620001820.7103553,1620001804.5022511,0
1005,1,1,1,0,327.31693903643685,255,0.08120598582024391,17,6734,1883,1620001822.5112557,1620001814.4072037,1620001822.5112557,1620001806.3031516,0
1002,1,1,1,1,745.6275198573077,64,0.039597670062230736,17,13612,502,1620001824.312156,1620001816.2081041,1620001824.312156,1620001808.104052,0
1007,1,1,0,0,258.1424316418544,64,0.05842771949047368,17,51398,443,1620001826.1130564,1620001818.0090046,1620001826.1130564,1620001809.9049525,0
1008,1,1,1,1,307.2715396347265,128,0.10411362655603569,1,64146,443,1620001827.9139569,1620001819.809905,1620001827.9139569,1620001811.705853,0
1005,0,1,1,0,233.49084524414815,64,0.0681467140855173,1,21991,22,1620001829.7148573,1620001821.6108053,1620001829.7148573,1620001813.5067534,0
1006,1,1,0,0,481.87768795374785,64,0.09683180247854711,17,22928,80,1620001831.5157578,1620001823.411706,1620001831.5157578,1620001815.307654,0
1000,0,1,1,1,877.0953442532581,255,0.07857011668077359,6,25280,1883,1620001833.3166583,1620001825.2126064,1620001833.3166583,1620001817.1085544,0
1004,0,0,1,1,473.46115569458567,255,0.13462907696346801,17,59372,22,1620001835.1175587,1620001827.0135067,1620001835.1175587,1620001818.9094548,0
1004,1,1,0,0,513.352425070878,128,0.12239599488638829,1,26076,443,1620001836.9184592,1620001828.8144073,1620001836.9184592,1620001820.7103553,0
1009,0,1,1,0,340.91055282660227,128,0.07639772210559306,6,63609,443,1620001838.7193596,1620001830.6153076,1620001838.7193596,1620001822.5112557,0
1003,0,0,1,0,487.6763910415455,128,0.11360120857780326,1,16460,443,1620001840.52026,1620001832.4162078,1620001840.52026,1620001824.312156,0
1005,0,1,1,1,745.8100612695231,255,0.2067984246057674,17,22839,1883,1620001842.3211606,1620001834.2171085,1620001842.3211606,1620001826.1130564,0
1006,0,1,0,1,528.5818775276347,64,0.05661115937028038,1,59503,1883,1620001844.122061,1620001836.018009,1620001844.122061,1620001827.9139569,0
1008,1,0,1,0,926.3540164124328,255,0.0532326916650951,1,16220,1883,1620001845.9229615,1620001837.8189094,1620001845.9229615,1620001829.7148573,0
1000,1,1,1,0,751.8959424611382,255,0.14449647822535194,1,61224,502,1620001847.723862,1620001839.6198099,1620001847.723862,1620001831.5157578,0
1005,1,0,0,1,482.7367309110134,64,0.087359969400491,6,19113,80,1620001849.5247624,1620001841.42071,1620001849.5247624,1620001833.3166583,0
1006,1,0,0,0,478.84242488157696,64,0.007365383860460758,1,50693,443,1620001851.3256629,1620001843.2216105,1620001851.3256629,1620001835.1175587,0
1002,1,0,1,1,826.1846275247262,128,0.22266617724285367,6,18628,443,1620001853.1265633,1620001845.0225112,1620001853.1265633,1620001836.9184592,0
1007,1,0,1,1,527.4651151710458,64,0.003126685543900553,17,3530,502,1620001854.9274638,1620001846.8234115,1620001854.9274638,1620001838.7193596,0
1004,1,1,1,1,781.7843120543446,64,0.13799002717875225,17,33608,443,1620001856.7283642,1620001848.6243122,1620001856.7283642,1620001840.52026,1
1008,1,0,1,1,900.5814680253334,64,0.14221045304451554,1,21733,443,1620001858.5292647,1620001850.4252126,1620001858.5292647,1620001842.3211606,1
1004,1,0,0,1,459.1561264351781,64,0.3059973991423193,6,59559,1883,1620001860.3301651,1620001852.226113,1620001860.3301651,1620001844.122061,0
1008,1,1,1,1,570.3910731870031,128,0.005565480078823922,17,45864,1883,1620001862.1310656,1620001854.0270135,1620001862.1310656,1620001845.9229615,0
1009,0,0,0,0,696.0008369132759,128,0.09084635959408242,6,49928,80,1620001863.931966,1620001855.8279138,1620001863.931966,1620001847.723862,0
1003,1,0,0,1,653.500007804504,64,0.05583376037583118,6,48135,443,1620001865.7328665,1620001857.6288142,1620001865.7328665,1620001849.5247624,0
1008,0,0,1,1,652.0981465841003,64,0.040142272186125955,1,61611,22,1620001867.533767,1620001859.429715,1620001867.533767,1620001851.3256629,0
1004,0,0,1,0,233.30523456445303,128,0.009466080702145665,1,60345,443,1620001869.3346674,1620001861.2306151,1620001869.3346674,1620001853.1265633,0
1009,0,1,0,1,330.3166543676402,128,0.08270309087817863,6,39271,443,1620001871.1355677,1620001863.0315158,1620001871.1355677,1620001854.9274638,0
1008,0,0,0,0,400.9465958117625,64,0.06520834085654777,6,44226,80,1620001872.9364681,1620001864.8324163,1620001872.9364681,1620001856.7283642,0
1002,1,1,1,1,742.8841606937352,255,0.011043387245286864,1,57612,22,1620001874.7373686,1620001866.6333165,1620001874.7373686,1620001858.5292647,0
1003,0,1,0,0,252.92501857462278,128,0.09480123520962107,6,4114,443,1620001876.538269,1620001868.434217,1620001876.538269,1620001860.3301651,0
1008,1,0,1,0,804.6453414357678,128,0.1339231860894867,1,40289,22,1620001878.3391695,1620001870.2351174,1620001878.3391695,1620001862.1310656,0
1009,1,0,1,1,655.9668228157366,128,0.14579119644335964,6,60255,1883,1620001880.14007,1620001872.036018,1620001880.14007,1620001863.931966,0
1005,0,0,0,1,730.8460449445548,64,0.23578144209077095,1,22576,1883,1620001881.9409704,1620001873.8369184,1620001881.9409704,1620001865.7328665,0
1001,1,0,0,1,314.09338455100027,64,0.05267360965430167,6,30159,22,1620001883.7418709,1620001875.6378188,1620001883.7418709,1620001867.533767,1
1006,0,1,1,1,514.460472538026,128,0.305915714563452,1,15715,443,1620001885.5427713,1620001877.4387193,1620001885.5427713,1620001869.3346674,0
1001,0,1,0,0,559.7885572262632,64,0.20056663483622317,6,40785,22,1620001887.3436718,1620001879.2396197,1620001887.3436718,1620001871.1355677,0
1001,1,1,1,0,550.9934004045386,64,0.0351689635584329,17,34765,22,1620001889.1445723,1620001881.0405202,1620001889.1445723,1620001872.9364681,0
1000,1,0,1,0,559.1314801693436,128,0.017350022422685275,17,22685,1883,1620001890.9454727,1620001882.8414207,1620001890.9454727,1620001874.7373686,0
1002,0,1,1,1,444.69470392097764,64,0.05716189821276595,6,42049,22,1620001892.7463732,1620001884.642321,1620001892.7463732,1620001876.538269,0
1005,1,0,0,0,527.0414162127319,255,0.051399515468645296,17,7116,502,1620001894.5472736,1620001886.4432216,1620001894.5472736,1620001878.3391695,0
1007,1,0,1,1,706.7127910130374,64,0.08573600270576351,6,36698,502,1620001896.348174,1620001888.244122,1620001896.348174,1620001880.14007,0
1008,1,0,1,1,266.697538311822,64,0.08755957030002917,6,1594,1883,1620001898.1490746,1620001890.0450225,1620001898.1490746,1620001881.9409704,0
1006,0,0,1,0,809.4100237810807,128,0.13862422999949955,17,13108,443,1620001899.949975,1620001891.845923,1620001899.949975,1620001883.7418709,0
1003,0,0,1,1,696.3797912736895,128,0.07131253175965033,6,1331,443,1620001901.7508755,1620001893.6468234,1620001901.7508755,1620001885.5427713,0
1005,1,1,1,0,306.95962146333335,255,0.01107334137930475,1,61776,1883,1620001903.551776,1620001895.4477239,1620001903.551776,1620001887.3436718,0
1004,1,1,1,1,576.7672086910643,64,0.19539819877406558,6,4766,443,1620001905.3526764,1620001897.2486243,1620001905.3526764,1620001889.1445723,0
1007,1,0,1,0,680.299755231609,255,0.03707225557912019,6,42766,80,1620001907.1535769,1620001899.0495248,1620001907.1535769,1620001890.9454727,0
1000,1,1,1,1,252.94133522286324,255,0.35507696690721535,17,29816,502,1620001908.9544773,1620001900.8504252,1620001908.9544773,1620001892.7463732,0
1000,1,0,1,0,508.3956866753202,128,0.012540462861306037,1,1789,80,1620001910.7553778,1620001902.6513257,1620001910.7553778,1620001894.5472736,0
1005,0,0,1,0,484.29693983299876,64,0.3176083905504678,6,61843,80,1620001912.5562782,1620001904.4522262,1620001912.5562782,1620001896.348174,0
1009,1,0,1,1,370.88389149862115,128,0.009542317375866997,6,42756,80,1620001914.3571787,1620001906.2531266,1620001914.3571787,1620001898.1490746,0
1001,0,1,0,1,518.4713673528026,255,0.026271130400992493,6,25222,1883,1620001916.1580791,1620001908.054027,1620001916.1580791,1620001899.949975,0
1004,1,0,1,0,379.94268480744194,255,0.004769969813456135,6,62225,80,1620001917.9589796,1620001909.8549275,1620001917.9589796,1620001901.7508755,0
1000,0,0,1,1,774.8614137941474,128,0.12211635441444338,6,8759,22,1620001919.7598798,1620001911.655828,1620001919.7598798,1620001903.551776,0
1006,1,1,1,1,374.671135734518,128,0.1899113547857979,6,17226,443,1620001921.5607803,1620001913.4567285,1620001921.5607803,1620001905.3526764,0
1000,0,1,0,1,658.3957880026317,128,0.05692867949128824,1,48223,1883,1620001923.3616807,1620001915.257629,1620001923.3616807,1620001907.1535769,0
1003,1,1,1,0,168.92272247596708,128,0.26383666188049165,1,12401,22,1620001925.1625812,1620001917.0585294,1620001925.1625812,1620001908.9544773,1
1008,0,0,0,0,467.63803923000773,128,0.08923278287633395,6,47066,22,1620001926.9634817,1620001918.8594298,1620001926.9634817,1620001910.7553778,0
1000,0,0,1,1,502.4622314702718,255,0.09942715585204281,6,15321,502,1620001928.7643821,1620001920.6603303,1620001928.7643821,1620001912.5562782,0
1003,0,1,1,1,461.1417898768939,128,0.18670383530055162,17,9060,502,1620001930.5652826,1620001922.4612308,1620001930.5652826,1620001914.3571787,0
1005,0,0,0,0,420.7363405609218,64,0.035211422420939054,1,41388,22,1620001932.366183,1620001924.262131,1620001932.366183,1620001916.1580791,1
1005,0,1,1,1,366.49699493097546,255,0.043736719314479096,1,50715,502,1620001934.1670835,1620001926.0630314,1620001934.1670835,1620001917.9589796,0
1007,0,1,0,0,650.9081560029807,255,0.2363949129553293,6,25393,443,1620001935.967984,1620001927.8639321,1620001935.967984,1620001919.7598798,0
1000,1,0,0,1,699.891571019076,64,0.23122667699294241,1,35841,443,1620001937.7688844,1620001929.6648324,1620001937.7688844,1620001921.5607803,0
1006,0,0,1,1,483.56782282866993,64,0.3750022198669791,1,53459,502,1620001939.5697849,1620001931.465733,1620001939.5697849,1620001923.3616807,0
1000,1,1,1,1,280.67249839567205,255,0.23211393275618408,17,38467,80,1620001941.3706853,1620001933.2666335,1620001941.3706853,1620001925.1625812,1
1006,1,1,1,0,858.7898662773656,128,0.013624597208752585,17,2687,22,1620001943.1715858,1620001935.0675337,1620001943.1715858,1620001926.9634817,0
1002,1,1,1,0,324.04051341842387,255,0.17357059536730635,1,40268,443,1620001944.9724863,1620001936.8684342,1620001944.9724863,1620001928.7643821,0
1007,1,1,0,0,208.11554830337053,255,0.052735901363348006,1,59415,502,1620001946.7733867,1620001938.6693347,1620001946.7733867,1620001930.5652826,0
1002,1,0,0,0,97.47561669604599,64,0.4688699191217472,1,13052,502,1620001948.5742872,1620001940.470235,1620001948.5742872,1620001932.366183,0
1000,0,1,1,1,519.890379382532,255,0.06391912663175847,6,20847,443,1620001950.3751876,1620001942.2711358,1620001950.3751876,1620001934.1670835,0
1007,0,1,0,1,456.51672289695273,128,0.0807068866462026,17,16101,443,1620001952.176088,1620001944.072036,1620001952.176088,1620001935.967984,0
1002,0,1,0,0,706.1913298292678,64,0.07545437952068759,6,58873,80,1620001953.9769886,1620001945.8729367,1620001953.9769886,1620001937.7688844,0
1001,1,0,1,1,622.2169126891094,255,0.03882202046746328,17,40935,502,1620001955.777889,1620001947.6738372,1620001955.777889,1620001939.5697849,0
1000,0,0,0,1,558.0402449170076,255,0.00779854216390767,17,20655,502,1620001957.5787895,1620001949.4747374,1620001957.5787895,1620001941.3706853,0
1002,0,1,0,0,445.7265609074501,128,0.22600164366345143,17,53676,1883,1620001959.37969,1620001951.2756379,1620001959.37969,1620001943.1715858,0
1001,0,0,1,1,721.9954544395333,255,0.16229072811018974,1,2934,80,1620001961.1805904,1620001953.0765383,1620001961.1805904,1620001944.9724863,0
1001,0,0,0,1,873.4779803505065,255,0.015027278590626802,17,34524,443,1620001962.9814909,1620001954.8774388,1620001962.9814909,1620001946.7733867,1
1005,0,0,1,0,701.7958398259807,255,0.1499544905128331,6,20921,443,1620001964.7823913,1620001956.6783395,1620001964.7823913,1620001948.5742872,0
1000,1,1,0,1,407.293673830158,255,0.098308958176611,17,59939,22,1620001966.5832915,1620001958.4792397,1620001966.5832915,1620001950.3751876,0
1001,0,1,1,1,656.313110776435,128,0.05261825871462085,6,38401,443,1620001968.384192,1620001960.2801404,1620001968.384192,1620001952.176088,0
1005,1,0,0,1,419.582054906557,255,0.02930580291742968,17,12158,502,1620001970.1850924,1620001962.0810406,1620001970.1850924,1620001953.9769886,0
1002,1,1,0,0,278.9865368280051,255,0.19641774697440162,17,38248,443,1620001971.985993,1620001963.8819408,1620001971.985993,1620001955.777889,0
1003,1,1,1,0,320.19218757561094,255,0.120460053228609,1,27921,502,1620001973.7868934,1620001965.6828413,1620001973.7868934,1620001957.5787895,0
1000,1,0,1,1,428.36431917245085,64,0.07934978431129336,6,48304,502,1620001975.5877938,1620001967.4837418,1620001975.5877938,1620001959.37969,0
1007,1,0,1,1,520.7919357927088,128,0.0940502828045849,17,37127,80,1620001977.3886943,1620001969.2846422,1620001977.3886943,1620001961.1805904,0
1006,0,1,1,1,912.1162305150918,64,0.009548299502641428,17,49337,443,1620001979.1895947,1620001971.0855427,1620001979.1895947,1620001962.9814909,0
1006,0,0,0,0,323.66210487762646,64,0.0642301532082141,6,46606,80,1620001980.9904952,1620001972.8864431,1620001980.9904952,1620001964.7823913,0
1002,0,1,0,0,764.6976979382656,128,0.021529976041376415,17,58344,502,1620001982.7913957,1620001974.6873436,1620001982.7913957,1620001966.5832915,0
1009,1,1,0,0,436.5480896614862,64,0.023367844774118712,1,8080,443,1620001984.5922961,1620001976.488244,1620001984.5922961,1620001968.384192,0
1009,0,0,1,1,96.72300251093127,64,0.10826522177413556,6,29974,443,1620001986.3931966,1620001978.2891445,1620001986.3931966,1620001970.1850924,0
1002,0,1,0,1,398.8547994139324,64,0.24220011694717902,1,3777,80,1620001988.194097,1620001980.090045,1620001988.194097,1620001971.985993,0
1001,1,1,0,1,735.3393986335382,128,0.05171063235971814,6,32965,80,1620001989.9949975,1620001981.8909454,1620001989.9949975,1620001973.7868934,0
1000,1,0,1,1,568.9339038658471,255,0.023287736278728103,6,35164,502,1620001991.795898,1620001983.691846,1620001991.795898,1620001975.5877938,0
1006,1,0,1,1,580.8902397327913,128,0.10462483387612483,6,15258,502,1620001993.5967984,1620001985.4927464,1620001993.5967984,1620001977.3886943,0
1006,1,0,0,0,765.7008017688761,128,0.20493938985545868,17,10660,443,1620001995.3976989,1620001987.2936468,1620001995.3976989,1620001979.1895947,0
1001,0,1,1,1,292.7327422128545,128,0.13795920761841937,6,4400,443,1620001997.1985993,1620001989.0945473,1620001997.1985993,1620001980.9904952,0
1006,1,0,0,1,289.64991398154996,64,0.20307064688304718,6,31807,1883,1620001998.9994998,1620001990.8954477,1620001998.9994998,1620001982.7913957,0
1007,1,0,0,1,47.254278140715215,255,0.07690668534915363,6,42273,1883,1620002000.8004003,1620001992.6963482,1620002000.8004003,1620001984.5922961,0
1000,0,0,1,0,675.416414248557,128,0.1393827642643196,1,44049,22,1620002002.6013007,1620001994.4972486,1620002002.6013007,1620001986.3931966,0
1008,0,0,0,1,612.4968467259206,128,0.015089796157442284,6,17471,502,1620002004.4022012,1620001996.298149,1620002004.4022012,1620001988.194097,0
1006,1,1,1,0,644.7933039182228,255,0.04281319949879214,17,21353,22,1620002006.2031016,1620001998.0990496,1620002006.2031016,1620001989.9949975,0
1002,0,1,1,0,263.3977551886438,255,0.04935575201754784,6,17737,22,1620002008.004002,1620001999.89995,1620002008.004002,1620001991.795898,0
1007,1,0,0,0,179.15020881602945,255,0.07159977705205303,6,64357,80,1620002009.8049026,1620002001.7008505,1620002009.8049026,1620001993.5967984,0
1006,1,1,0,0,236.07633831333348,64,0.2646151477277253,1,5882,80,1620002011.605803,1620002003.501751,1620002011.605803,1620001995.3976989,0
1007,0,0,0,0,315.48554552825914,255,0.20738297987816248,17,52139,1883,1620002013.4067032,1620002005.3026514,1620002013.4067032,1620001997.1985993,0
1005,0,0,1,1,810.7917817825709,64,0.014447735862885945,17,20496,22,1620002015.2076037,1620002007.1035519,1620002015.2076037,1620001998.9994998,0
1008,1,1,0,1,700.0253447565003,128,0.01896962654929496,17,60858,1883,1620002017.0085042,1620002008.9044523,1620002017.0085042,1620002000.8004003,0
1004,1,1,1,0,408.355871875936,64,0.0442607240366944,6,17548,502,1620002018.8094046,1620002010.7053525,1620002018.8094046,1620002002.6013007,0
1002,1,0,1,0,559.850398651997,255,0.034353855660399744,6,47411,443,1620002020.610305,1620002012.5062532,1620002020.610305,1620002004.4022012,0
1002,0,0,0,0,364.32755077045226,64,0.09539171947263324,17,5563,80,1620002022.4112055,1620002014.3071537,1620002022.4112055,1620002006.2031016,0
1000,1,1,1,1,572.8559521563313,255,0.2330738175697237,17,65007,502,1620002024.212106,1620002016.108054,1620002024.212106,1620002008.004002,0
1007,1,0,0,1,272.38085245160033,64,0.32778708508755217,1,19881,502,1620002026.0130064,1620002017.9089546,1620002026.0130064,1620002009.8049026,0
1001,1,1,0,0,650.0502891947863,128,0.10601696258152471,17,39386,80,1620002027.813907,1620002019.7098548,1620002027.813907,1620002011.605803,0
1002,1,0,0,1,330.0593404831214,64,0.1821142151638323,6,37695,80,1620002029.6148074,1620002021.510755,1620002029.6148074,1620002013.4067032,0
1007,1,0,0,1,661.1830057086314,128,0.07448662502733619,6,6388,22,1620002031.4157078,1620002023.3116558,1620002031.4157078,1620002015.2076037,0
1007,0,1,0,0,414.5154183611316,255,0.023360678408988388,6,1473,1883,1620002033.2166083,1620002025.1125562,1620002033.2166083,1620002017.0085042,0
1003,1,1,0,0,341.9848092803452,128,0.0743784715464704,1,60193,502,1620002035.0175087,1620002026.9134567,1620002035.0175087,1620002018.8094046,0
1003,1,1,0,1,822.5993434499313,255,0.08098666352538503,17,21854,22,1620002036.8184092,1620002028.7143571,1620002036.8184092,1620002020.610305,0
1004,1,1,1,1,535.3892369787532,255,0.1356570773285584,6,22102,22,1620002038.6193097,1620002030.5152574,1620002038.6193097,1620002022.4112055,0
1005,1,1,0,1,435.5637257902885,128,0.024831135735364763,1,38598,502,1620002040.4202101,1620002032.3161578,1620002040.4202101,1620002024.212106,0
1004,0,1,1,0,651.6356616702528,128,0.04593571163664617,1,1893,502,1620002042.2211106,1620002034.1170585,1620002042.2211106,1620002026.0130064,0
1006,0,1,1,0,232.00178608502299,64,0.0452599907163696,6,39871,443,1620002044.022011,1620002035.9179587,1620002044.022011,1620002027.813907,0
1001,0,0,1,0,721.3727178520718,64,0.32049629528150747,1,63648,1883,1620002045.8229115,1620002037.7188594,1620002045.8229115,1620002029.6148074,0
1006,1,0,0,1,472.1110587183101,128,0.058688799741282965,1,41099,502,1620002047.623812,1620002039.51976,1620002047.623812,1620002031.4157078,0
1009,1,0,1,1,620.1575431336875,128,0.14068806820001198,6,29164,80,1620002049.4247124,1620002041.3206604,1620002049.4247124,1620002033.2166083,0
1006,0,1,1,0,190.42530779538276,128,0.13895451647588472,1,4683,443,1620002051.2256129,1620002043.1215608,1620002051.2256129,1620002035.0175087,0
1000,0,1,0,1,423.51480837340085,128,0.030862544147888152,6,37394,1883,1620002053.0265133,1620002044.922461,1620002053.0265133,1620002036.8184092,0
1006,0,1,0,0,500.9160278690968,255,0.0848327665655386,6,42376,80,1620002054.8274138,1620002046.7233615,1620002054.8274138,1620002038.6193097,0
1004,1,0,1,1,706.0598427237057,128,0.22471777594100903,1,59209,80,1620002056.6283143,1620002048.5242622,1620002056.6283143,1620002040.4202101,1
1002,1,1,0,0,636.0822127874965,128,0.06447336958147283,6,52624,1883,1620002058.4292147,1620002050.3251624,1620002058.4292147,1620002042.2211106,1
1002,0,1,0,1,421.5045924765166,128,0.290256087645286,6,15409,443,1620002060.2301152,1620002052.126063,1620002060.2301152,1620002044.022011,0
1003,0,0,0,1,563.5895514646763,128,0.024138164551911,17,44775,80,1620002062.0310154,1620002053.9269636,1620002062.0310154,1620002045.8229115,0
1001,0,1,0,0,751.3138203453964,255,0.007705287958910315,6,63782,22,1620002063.8319159,1620002055.7278638,1620002063.8319159,1620002047.623812,0
1001,1,0,1,0,460.00230331548795,64,0.22205800640382997,17,57768,1883,1620002065.6328163,1620002057.5287642,1620002065.6328163,1620002049.4247124,0
1000,1,0,0,0,438.2270079129385,64,0.18817795727429654,17,20361,1883,1620002067.4337168,1620002059.3296647,1620002067.4337168,1620002051.2256129,0
1004,1,1,0,0,122.0590714494175,64,0.49049080967434194,17,6155,502,1620002069.2346172,1620002061.1305652,1620002069.2346172,1620002053.0265133,0
1003,0,1,0,0,444.185532931438,64,0.11375407274484764,17,2382,443,1620002071.0355177,1620002062.9314656,1620002071.0355177,1620002054.8274138,0
1009,0,1,1,1,152.07459226309572,64,0.275967923606247,1,59358,22,1620002072.8364182,1620002064.732366,1620002072.8364182,1620002056.6283143,0
1001,1,0,1,0,477.13306419335856,255,0.17541690751929365,1,26638,22,1620002074.6373186,1620002066.5332665,1620002074.6373186,1620002058.4292147,0
1002,0,0,0,0,697.6270286485494,64,0.18606359175501475,6,58395,502,1620002076.438219,1620002068.334167,1620002076.438219,1620002060.2301152,0
1006,1,0,0,0,76.0721049906369,255,0.08419757125678685,6,17795,80,1620002078.2391195,1620002070.1350675,1620002078.2391195,1620002062.0310154,1
1006,0,1,1,0,746.841764924158,255,0.04818569598883641,6,14627,80,1620002080.04002,1620002071.935968,1620002080.04002,1620002063.8319159,0
1003,0,1,0,0,433.95537466876027,64,0.2726592133320695,1,17270,22,1620002081.8409204,1620002073.7368684,1620002081.8409204,1620002065.6328163,0
1004,0,1,0,1,494.56702657467883,64,0.05658401766411522,17,18240,443,1620002083.641821,1620002075.5377688,1620002083.641821,1620002067.4337168,0
1004,0,1,1,0,399.51604397229164,64,0.07739654846382447,1,42233,80,1620002085.4427214,1620002077.3386693,1620002085.4427214,1620002069.2346172,0
1005,1,0,0,0,157.35262349026814,128,0.05907969440748102,1,44011,1883,1620002087.2436218,1620002079.1395698,1620002087.2436218,1620002071.0355177,0
1008,0,0,0,0,343.40216514075195,255,0.0831991666035876,6,43512,502,1620002089.0445223,1620002080.9404702,1620002089.0445223,1620002072.8364182,1
1001,1,0,1,1,919.4820136898969,64,0.06358317060401779,6,21601,443,1620002090.8454227,1620002082.7413707,1620002090.8454227,1620002074.6373186,0
1004,1,0,1,1,280.7909007493097,128,0.00491561676489844,6,52014,80,1620002092.6463232,1620002084.5422711,1620002092.6463232,1620002076.438219,0
1002,1,1,0,0,182.29152765488993,255,0.2137479093913934,17,43344,22,1620002094.4472237,1620002086.3431716,1620002094.4472237,1620002078.2391195,0
1003,0,1,1,0,528.2582054814205,128,0.0587695543102222,17,63526,502,1620002096.2481241,1620002088.144072,1620002096.2481241,1620002080.04002,0
1009,1,1,0,1,482.84469696553674,128,0.08890249656297541,1,12325,80,1620002098.0490246,1620002089.9449725,1620002098.0490246,1620002081.8409204,0
1005,1,0,0,1,435.33404184087044,64,0.014987892001653345,17,10539,22,1620002099.849925,1620002091.745873,1620002099.849925,1620002083.641821,0
1007,1,0,0,1,502.88958867045125,255,0.0003393599733996213,6,27826,80,1620002101.6508255,1620002093.5467734,1620002101.6508255,1620002085.4427214,0
1000,0,1,1,0,628.8405221392314,128,0.02814218335599494,17,62048,502,1620002103.451726,1620002095.347674,1620002103.451726,1620002087.2436218,0
1009,0,1,1,0,382.56728004293717,255,0.12193776254169236,17,1915,1883,1620002105.2526264,1620002097.1485744,1620002105.2526264,1620002089.0445223,0
1007,1,0,0,1,538.8820416565234,64,0.010446594936034989,17,22996,1883,1620002107.0535269,1620002098.9494748,1620002107.0535269,1620002090.8454227,0
1006,0,1,0,0,704.7749324260008,255,0.23956596179891287,17,51481,22,1620002108.854427,1620002100.7503753,1620002108.854427,1620002092.6463232,0
1000,1,0,1,1,300.942266649041,128,0.024210031238524967,6,48877,1883,1620002110.6553276,1620002102.5512757,1620002110.6553276,1620002094.4472237,0
1001,1,0,1,1,40.0,128,0.02289021179427797,6,55459,502,1620002112.456228,1620002104.3521762,1620002112.456228,1620002096.2481241,0
1002,0,0,1,1,634.1616984191833,255,0.020029160930621622,1,21956,22,1620002114.2571285,1620002106.1530766,1620002114.2571285,1620002098.0490246,0
1000,1,1,0,0,1000.5925151205946,128,0.0014080377869303364,1,5216,80,1620002116.058029,1620002107.953977,1620002116.058029,1620002099.849925,0
1008,0,1,1,1,498.5290692702369,128,0.14775568053743093,1,17152,443,1620002117.8589294,1620002109.7548776,1620002117.8589294,1620002101.6508255,1
1007,0,0,1,1,540.3864402131912,128,0.20797178298059538,17,23860,80,1620002119.6598299,1620002111.555778,1620002119.6598299,1620002103.451726,0
1001,1,1,0,0,440.8383133812019,64,0.0952339507745742,17,25861,502,1620002121.4607303,1620002113.3566782,1620002121.4607303,1620002105.2526264,0
1008,0,0,0,1,817.6121683020518,64,0.020850125201003558,6,52516,22,1620002123.2616308,1620002115.1575787,1620002123.2616308,1620002107.0535269,0
1006,0,0,0,0,484.4486134110267,128,0.03358616188034553,1,51969,80,1620002125.0625312,1620002116.9584794,1620002125.0625312,1620002108.854427,0
1008,1,0,1,1,462.6871679970131,255,0.06461237139199827,6,60664,22,1620002126.8634317,1620002118.7593796,1620002126.8634317,1620002110.6553276,0
1005,1,0,0,0,682.1727628538406,64,0.30866629929225664,1,60660,1883,1620002128.6643322,1620002120.56028,1620002128.6643322,1620002112.456228,0
1005,0,1,0,1,403.14540756063565,255,0.028415678932757784,1,23802,443,1620002130.4652326,1620002122.3611805,1620002130.4652326,1620002114.2571285,0
1003,0,0,0,1,243.06125978482913,128,0.13154479165290361,1,44154,502,1620002132.266133,1620002124.162081,1620002132.266133,1620002116.058029,0
1009,1,0,0,1,676.4600759091388,128,0.05788336648093226,17,17732,80,1620002134.0670335,1620002125.9629815,1620002134.0670335,1620002117.8589294,0
1009,0,1,1,1,381.69055846557086,255,0.035360444611708786,1,42969,443,1620002135.867934,1620002127.763882,1620002135.867934,1620002119.6598299,0
1001,0,0,0,1,304.9079944647974,64,0.06086515165314647,1,25256,502,1620002137.6688344,1620002129.5647824,1620002137.6688344,1620002121.4607303,0
1006,0,0,1,0,920.0096317146373,255,0.0073869081119477,17,58290,502,1620002139.469735,1620002131.365683,1620002139.469735,1620002123.2616308,0
1004,0,1,1,0,464.2806393554576,255,0.16028962107502231,1,40436,1883,1620002141.2706354,1620002133.1665833,1620002141.2706354,1620002125.0625312,0
1005,0,1,1,1,598.8452164594665,128,0.02787909531677762,17,5806,22,1620002143.0715358,1620002134.9674838,1620002143.0715358,1620002126.8634317,0
1001,0,1,0,1,505.9056482015553,64,0.12924839351769957,17,62220,22,1620002144.8724363,1620002136.7683842,1620002144.8724363,1620002128.6643322,0
1004,0,0,1,1,322.7361019259343,255,0.007079632328061265,6,27339,443,1620002146.6733367,1620002138.5692847,1620002146.6733367,1620002130.4652326,0
1009,1,1,0,0,637.8867240043845,64,0.31032853280847084,17,11076,1883,1620002148.4742372,1620002140.3701851,1620002148.4742372,1620002132.266133,0
1003,1,1,0,0,562.9157967573449,128,0.021445018016055806,17,20545,502,1620002150.2751377,1620002142.1710856,1620002150.2751377,1620002134.0670335,0
1008,1,0,0,1,368.1240336720135,64,0.21433792936157878,17,4922,1883,1620002152.0760381,1620002143.971986,1620002152.0760381,1620002135.867934,0
1005,1,0,1,0,586.6380675712677,128,0.16579624623631492,1,18243,1883,1620002153.8769386,1620002145.7728868,1620002153.8769386,1620002137.6688344,0
1001,1,0,0,1,397.1379811739996,64,0.3437651556554091,6,5178,443,1620002155.6778388,1620002147.573787,1620002155.6778388,1620002139.469735,0
1000,0,0,0,1,279.10092797829395,255,0.06498782512438045,1,36570,22,1620002157.4787393,1620002149.3746874,1620002157.4787393,1620002141.2706354,0
1004,0,0,0,1,258.8665491295754,128,0.12997398325714424,17,14833,1883,1620002159.2796397,1620002151.1755877,1620002159.2796397,1620002143.0715358,0
1008,0,1,1,0,554.0117241925958,255,0.046316412334202244,17,26996,1883,1620002161.0805402,1620002152.9764884,1620002161.0805402,1620002144.8724363,0
1005,0,1,1,1,423.45381401431115,128,0.020379229795487827,6,40201,1883,1620002162.8814406,1620002154.7773886,1620002162.8814406,1620002146.6733367,0
1009,1,1,1,1,800.3408038087923,64,0.05853263731835633,6,60044,80,1620002164.682341,1620002156.5782893,1620002164.682341,1620002148.4742372,0
1006,0,0,0,1,491.40837733240863,64,0.018122098111575516,17,13547,1883,1620002166.4832416,1620002158.3791895,1620002166.4832416,1620002150.2751377,0
1004,0,0,1,0,342.9593413092836,128,0.40198656426906854,17,65409,1883,1620002168.284142,1620002160.1800902,1620002168.284142,1620002152.0760381,0
1009,1,0,0,0,531.5635277287824,128,0.010119862296147579,1,38105,502,1620002170.0850425,1620002161.9809904,1620002170.0850425,1620002153.8769386,1
1005,0,1,0,0,241.14653568507873,128,0.08896773394377294,17,23054,80,1620002171.885943,1620002163.7818909,1620002171.885943,1620002155.6778388,0
1004,0,1,1,1,483.1737518950595,64,0.09847405060099673,1,60205,1883,1620002173.6868434,1620002165.5827913,1620002173.6868434,1620002157.4787393,0
1008,1,0,0,0,563.8333552956551,128,0.07723625734465397,6,41400,1883,1620002175.4877439,1620002167.3836918,1620002175.4877439,1620002159.2796397,0
1005,0,1,1,1,539.134461527061,128,0.10852594925086559,1,21129,443,1620002177.2886443,1620002169.1845922,1620002177.2886443,1620002161.0805402,0
1007,0,0,0,0,760.5599861039517,255,0.012350273387656456,17,47509,443,1620002179.0895448,1620002170.9854927,1620002179.0895448,1620002162.8814406,0
1001,0,1,1,1,1019.5034251688901,128,0.08097226251099626,1,25319,80,1620002180.8904452,1620002172.7863932,1620002180.8904452,1620002164.682341,0
1008,0,1,0,0,634.279474268257,255,0.03385720392427887,1,12888,502,1620002182.6913457,1620002174.5872936,1620002182.6913457,1620002166.4832416,0
1004,0,1,0,1,735.759265557104,255,0.2816349418869372,6,45006,80,1620002184.4922462,1620002176.388194,1620002184.4922462,1620002168.284142,0
1006,1,0,0,0,1008.692531931448,255,0.14357857155125867,1,13900,80,1620002186.2931466,1620002178.1890945,1620002186.2931466,1620002170.0850425,0
1009,1,1,0,0,298.7548304367048,64,0.3594096037015371,17,19079,443,1620002188.094047,1620002179.989995,1620002188.094047,1620002171.885943,0
1000,1,1,0,0,526.1254817550017,255,0.0038279468792565582,1,34708,443,1620002189.8949475,1620002181.7908955,1620002189.8949475,1620002173.6868434,0
1009,1,0,1,1,404.4006935826683,128,0.03356590126304882,1,22996,502,1620002191.695848,1620002183.591796,1620002191.695848,1620002175.4877439,0
1004,1,1,0,0,668.5315420522145,64,0.021743809174507175,1,26517,1883,1620002193.4967484,1620002185.3926964,1620002193.4967484,1620002177.2886443,0
1009,1,0,1,0,554.3237838953241,64,0.0011217266261957547,17,10349,502,1620002195.297649,1620002187.1935968,1620002195.297649,1620002179.0895448,0
1001,0,0,1,0,336.31353601921325,64,0.02775017089773813,1,56672,1883,1620002197.0985494,1620002188.9944973,1620002197.0985494,1620002180.8904452,0
1005,1,0,1,0,502.1895632694089,64,0.11356165285977421,17,52012,22,1620002198.8994498,1620002190.7953978,1620002198.8994498,1620002182.6913457,0
1000,1,0,0,1,709.384547931177,64,0.026277994962753622,1,52314,443,1620002200.7003503,1620002192.5962982,1620002200.7003503,1620002184.4922462,0
1002,0,0,0,0,239.25507379498674,64,0.07113181684884459,6,37799,22,1620002202.5012507,1620002194.3971987,1620002202.5012507,1620002186.2931466,0
1004,0,1,0,1,340.5310888722042,64,0.21876337513793592,6,52081,22,1620002204.302151,1620002196.1980991,1620002204.302151,1620002188.094047,0
1003,1,0,1,1,310.5449829916383,255,0.11833793798219644,6,21397,443,1620002206.1030514,1620002197.9989996,1620002206.1030514,1620002189.8949475,0
1002,0,0,0,1,565.279311097382,128,0.05019139012316333,17,37277,22,1620002207.903952,1620002199.7998998,1620002207.903952,1620002191.695848,0
1009,1,0,0,1,748.103215922992,128,0.04659621094596098,17,22205,80,1620002209.7048523,1620002201.6008005,1620002209.7048523,1620002193.4967484,0
1004,0,0,1,0,98.05310693879773,255,0.060832051399538456,17,60488,1883,1620002211.5057528,1620002203.4017007,1620002211.5057528,1620002195.297649,0
1007,1,1,1,1,518.8797126957166,255,0.019484943323009263,1,52908,502,1620002213.3066533,1620002205.2026014,1620002213.3066533,1620002197.0985494,0
1003,0,0,1,1,315.1558565449631,64,0.1005124042347964,17,57890,443,1620002215.1075537,1620002207.0035017,1620002215.1075537,1620002198.8994498,0
1000,0,1,1,1,701.0805549659968,64,0.045279702612528124,17,11985,80,1620002216.9084542,1620002208.804402,1620002216.9084542,1620002200.7003503,0
1006,1,0,1,1,452.6063448857492,255,0.19130146332705744,17,18729,502,1620002218.7093546,1620002210.6053023,1620002218.7093546,1620002202.5012507,0
1007,1,1,1,0,526.1347878154795,64,0.14128546229188368,17,45700,502,1620002220.510255,1620002212.406203,1620002220.510255,1620002204.302151,0
1002,1,0,0,0,499.73260095958796,128,0.09429252116549573,6,37146,502,1620002222.3111556,1620002214.2071035,1620002222.3111556,1620002206.1030514,0
1005,1,0,1,1,724.843760637969,128,0.04528747263428067,1,27128,22,1620002224.112056,1620002216.008004,1620002224.112056,1620002207.903952,0
1001,1,1,0,1,909.7263061595565,64,0.023563604822284746,6,14533,22,1620002225.9129565,1620002217.8089044,1620002225.9129565,1620002209.7048523,0
1006,0,0,0,1,273.0669340237118,64,0.14967874218063734,1,8125,22,1620002227.713857,1620002219.6098049,1620002227.713857,1620002211.5057528,0
1007,1,1,0,0,309.4887764010696,64,0.06663282428674581,1,63519,22,1620002229.5147574,1620002221.4107053,1620002229.5147574,1620002213.3066533,0
1005,1,0,1,0,564.2995805109414,128,0.025456977024680083,6,5767,80,1620002231.3156579,1620002223.2116055,1620002231.3156579,1620002215.1075537,0
1005,0,1,0,0,336.71953033961626,64,0.02171299381857967,17,9975,22,1620002233.1165583,1620002225.012506,1620002233.1165583,1620002216.9084542,1
1004,0,0,1,0,686.7167540800548,255,0.018080379457959633,6,8038,443,1620002234.9174588,1620002226.8134067,1620002234.9174588,1620002218.7093546,0
1007,1,0,1,0,718.8234918168674,64,0.15013066218460616,1,37204,502,1620002236.7183592,1620002228.6143072,1620002236.7183592,1620002220.510255,0
1000,0,1,0,1,390.6847375507084,255,0.026005028467536575,1,58001,80,1620002238.5192597,1620002230.4152076,1620002238.5192597,1620002222.3111556,0
1009,0,0,1,0,347.292546671705,64,0.07479038624512205,17,51533,22,1620002240.3201602,1620002232.216108,1620002240.3201602,1620002224.112056,0
1003,1,0,0,0,445.0441956694562,64,0.06006525260352307,6,60558,502,1620002242.1210606,1620002234.0170085,1620002242.1210606,1620002225.9129565,0
1003,0,0,0,1,520.8036427926037,128,0.0866574566167667,1,64233,80,1620002243.921961,1620002235.817909,1620002243.921961,1620002227.713857,0
1002,0,0,1,0,562.9674379790383,255,0.20968310698719492,6,53657,502,1620002245.7228615,1620002237.6188092,1620002245.7228615,1620002229.5147574,0
1002,1,0,0,0,49.43658819016612,255,0.20230414737067404,17,42932,80,1620002247.523762,1620002239.4197097,1620002247.523762,1620002231.3156579,0
1003,1,0,0,0,306.50889622997636,255,0.05997954114175387,17,64555,1883,1620002249.3246624,1620002241.2206104,1620002249.3246624,1620002233.1165583,0
1000,0,1,0,1,419.1801302258832,128,0.0015485535112357497,1,44063,80,1620002251.1255627,1620002243.0215108,1620002251.1255627,1620002234.9174588,0
1001,0,1,1,0,340.6021336506226,255,0.0555899362407858,17,51942,22,1620002252.9264631,1620002244.8224113,1620002252.9264631,1620002236.7183592,0
1008,1,1,0,1,40.0,128,0.09318957021046077,1,9243,502,1620002254.7273636,1620002246.6233118,1620002254.7273636,1620002238.5192597,0
1009,0,0,1,1,122.32550692906128,64,0.08159133192477103,1,8187,502,1620002256.528264,1620002248.424212,1620002256.528264,1620002240.3201602,0
1001,0,1,1,0,238.92829488312663,64,0.10536468746828215,17,3494,502,1620002258.3291645,1620002250.2251124,1620002258.3291645,1620002242.1210606,0
1004,0,0,0,0,476.94315982935626,255,0.01673254416726118,17,44522,443,1620002260.130065,1620002252.026013,1620002260.130065,1620002243.921961,0
1008,1,0,0,0,412.75956130373805,64,0.10399710879123136,6,17567,443,1620002261.9309654,1620002253.8269134,1620002261.9309654,1620002245.7228615,0
1008,0,0,1,0,373.6861834942851,64,0.020168985976497772,6,20300,22,1620002263.731866,1620002255.6278138,1620002263.731866,1620002247.523762,0
1007,0,0,1,1,659.3029921585681,255,0.1388392483426938,1,55502,1883,1620002265.5327663,1620002257.4287143,1620002265.5327663,1620002249.3246624,0
1000,1,1,0,0,659.2267329847524,64,0.04141339944551263,6,37905,443,1620002267.3336668,1620002259.2296147,1620002267.3336668,1620002251.1255627,0
1000,0,0,0,1,529.9837306963749,255,0.1237513846446285,1,14438,80,1620002269.1345673,1620002261.0305152,1620002269.1345673,1620002252.9264631,0
1008,0,1,1,1,524.0240565437317,255,0.004904907653575864,17,8773,22,1620002270.9354677,1620002262.8314157,1620002270.9354677,1620002254.7273636,0
1007,1,0,1,1,328.6678898133177,64,0.052401222878784105,17,25206,1883,1620002272.7363682,1620002264.632316,1620002272.7363682,1620002256.528264,1
1009,1,1,1,1,352.6015338686944,64,0.12208969541116994,6,12938,80,1620002274.5372686,1620002266.4332166,1620002274.5372686,1620002258.3291645,0
1008,1,1,1,1,158.47012337495642,64,0.02573087364426544,1,16031,502,1620002276.338169,1620002268.234117,1620002276.338169,1620002260.130065,0
1006,1,1,1,0,449.8497136443338,64,0.15861464995887792,1,31975,443,1620002278.1390696,1620002270.0350175,1620002278.1390696,1620002261.9309654,0
1002,0,1,0,1,657.1482579422393,64,0.09963618837780823,6,45715,80,1620002279.93997,1620002271.835918,1620002279.93997,1620002263.731866,0
1002,0,1,1,1,770.865979354912,128,0.08856688350873297,1,33632,1883,1620002281.7408705,1620002273.6368184,1620002281.7408705,1620002265.5327663,0
1001,1,1,1,0,451.0440284189073,64,0.043625765084032264,1,60839,22,1620002283.541771,1620002275.4377189,1620002283.541771,1620002267.3336668,0
1004,1,0,0,0,598.3337664019381,128,0.06586519811980861,17,22407,80,1620002285.3426714,1620002277.2386193,1620002285.3426714,1620002269.1345673,0
1002,0,1,0,1,40.0,255,0.09096858446880807,1,14066,22,1620002287.1435719,1620002279.0395198,1620002287.1435719,1620002270.9354677,0
1005,1,0,1,1,413.4143359203152,64,0.06395345942486962,1,51746,502,1620002288.9444723,1620002280.8404202,1620002288.9444723,1620002272.7363682,0
1001,0,1,1,0,408.7275239733473,64,0.1198366296671217,1,26436,1883,1620002290.7453728,1620002282.6413207,1620002290.7453728,1620002274.5372686,1
1002,1,0,0,1,798.2336628450767,64,0.056862589020859736,6,14205,1883,1620002292.5462732,1620002284.4422212,1620002292.5462732,1620002276.338169,0
1004,0,1,1,0,578.5866921842836,255,0.022598907315171262,6,45922,443,1620002294.3471737,1620002286.2431216,1620002294.3471737,1620002278.1390696,0
1000,1,1,1,0,598.8510845761215,128,0.024071424430121433,6,60654,1883,1620002296.1480742,1620002288.044022,1620002296.1480742,1620002279.93997,0
1000,1,0,0,1,588.4656621997985,128,0.0005820676158503701,1,4429,80,1620002297.9489744,1620002289.8449225,1620002297.9489744,1620002281.7408705,0
1009,0,1,1,0,509.08854646644426,64,0.03580440458149538,1,31892,80,1620002299.7498748,1620002291.645823,1620002299.7498748,1620002283.541771,0
1008,1,1,0,1,806.4730661698259,64,0.13819742680881922,6,11886,80,1620002301.5507753,1620002293.4467235,1620002301.5507753,1620002285.3426714,0
1006,0,1,0,1,40.0,64,0.15806692710136705,6,55703,502,1620002303.3516757,1620002295.247624,1620002303.3516757,1620002287.1435719,0
1000,0,0,0,1,529.2420817430835,64,0.022623274558488466,1,29712,1883,1620002305.1525762,1620002297.0485244,1620002305.1525762,1620002288.9444723,0
1007,0,1,0,0,725.9605703279126,255,0.3195256882880463,1,49041,1883,1620002306.9534767,1620002298.8494246,1620002306.9534767,1620002290.7453728,0
1002,0,0,1,1,121.72130936147032,64,0.06979643514799326,17,31969,80,1620002308.7543771,1620002300.650325,1620002308.7543771,1620002292.5462732,0
1007,0,1,0,0,667.5835707544604,255,0.24886586680354872,6,13963,443,1620002310.5552776,1620002302.4512258,1620002310.5552776,1620002294.3471737,0
1004,1,1,1,1,347.7673517469367,64,0.12267819048665561,1,47759,443,1620002312.356178,1620002304.252126,1620002312.356178,1620002296.1480742,0
1000,1,0,1,1,521.9631857684083,128,0.12816944575347886,6,29955,1883,1620002314.1570785,1620002306.0530264,1620002314.1570785,1620002297.9489744,0
1006,0,1,1,0,343.9281238109146,128,0.008887888840158363,6,39640,1883,1620002315.957979,1620002307.8539271,1620002315.957979,1620002299.7498748,0
1004,1,1,1,1,691.8303353098045,64,0.024844998359003747,6,40609,22,1620002317.7588794,1620002309.6548274,1620002317.7588794,1620002301.5507753,1
1005,0,0,1,1,442.32762375528677,64,0.0008853913765533423,17,51803,1883,1620002319.55978,1620002311.4557278,1620002319.55978,1620002303.3516757,1
1005,1,1,0,0,669.1593712714424,255,0.1259230580146966,1,39935,80,1620002321.3606803,1620002313.2566283,1620002321.3606803,1620002305.1525762,0
1007,1,0,0,0,587.0659672528683,64,0.042226283593585504,1,48301,502,1620002323.1615808,1620002315.0575287,1620002323.1615808,1620002306.9534767,1
1008,1,0,0,0,341.2415031882323,64,0.15448330626042012,6,43850,1883,1620002324.9624813,1620002316.8584294,1620002324.9624813,1620002308.7543771,0
1001,1,0,0,1,600.371838079105,64,0.04139049535236517,1,42188,1883,1620002326.7633817,1620002318.6593297,1620002326.7633817,1620002310.5552776,0
1008,0,1,1,0,367.28618839745354,128,0.17111038852106755,17,23966,80,1620002328.5642822,1620002320.46023,1620002328.5642822,1620002312.356178,0
1009,0,0,0,0,512.8256187679947,255,0.014006498009701135,6,45563,22,1620002330.3651826,1620002322.2611308,1620002330.3651826,1620002314.1570785,0
1008,1,0,1,1,438.68112770204004,128,0.019040190314858478,17,6296,1883,1620002332.166083,1620002324.062031,1620002332.166083,1620002315.957979,0
1009,1,1,1,0,679.9823732777547,255,0.041684441693386934,17,45158,443,1620002333.9669836,1620002325.8629315,1620002333.9669836,1620002317.7588794,0
1009,0,0,0,1,608.0644541474835,128,0.052507227522000925,1,25289,443,1620002335.767884,1620002327.663832,1620002335.767884,1620002319.55978,0
1006,1,1,0,1,493.85569027905154,64,0.04287892291814223,1,59159,443,1620002337.5687845,1620002329.4647324,1620002337.5687845,1620002321.3606803,0
1000,0,1,0,0,362.85764456886784,128,0.14424289663879042,17,49216,502,1620002339.369685,1620002331.265633,1620002339.369685,1620002323.1615808,0
1006,0,1,0,1,246.20170203385635,128,0.010197889825053942,1,29692,502,1620002341.1705854,1620002333.0665333,1620002341.1705854,1620002324.9624813,0
1009,0,1,1,0,527.1312838581396,255,0.043265700901343344,17,47220,1883,1620002342.9714859,1620002334.8674338,1620002342.9714859,1620002326.7633817,0
1004,1,0,1,0,373.54182136964823,255,0.18154785528716225,17,17048,1883,1620002344.772386,1620002336.6683345,1620002344.772386,1620002328.5642822,0
1005,0,0,0,0,124.40076848523489,128,0.006913260688752924,6,32923,1883,1620002346.5732865,1620002338.4692347,1620002346.5732865,1620002330.3651826,0
1009,1,0,1,0,233.99429180074992,255,0.2853252422326062,17,4771,502,1620002348.374187,1620002340.2701352,1620002348.374187,1620002332.166083,0
1006,0,0,1,1,825.1750611083434,255,0.42915895653551994,17,10321,1883,1620002350.1750875,1620002342.0710356,1620002350.1750875,1620002333.9669836,0
1004,1,0,1,1,368.00472300211095,255,0.009273848066667754,1,65029,80,1620002351.975988,1620002343.871936,1620002351.975988,1620002335.767884,0
1006,1,1,0,0,716.4325555020803,255,0.03442842018782271,6,64321,22,1620002353.7768884,1620002345.6728365,1620002353.7768884,1620002337.5687845,0
1008,1,0,1,0,428.67005456034383,255,0.04658533193656266,1,59458,443,1620002355.5777888,1620002347.473737,1620002355.5777888,1620002339.369685,0
1002,0,0,0,1,747.9155270321627,128,0.14978579367142264,6,2631,443,1620002357.3786893,1620002349.2746372,1620002357.3786893,1620002341.1705854,0
1007,0,0,0,0,733.4328034948757,255,0.09061592593012424,1,60207,80,1620002359.1795897,1620002351.0755377,1620002359.1795897,1620002342.9714859,0
1001,1,1,1,1,334.86091461986854,64,0.10338523246861608,17,22482,1883,1620002360.9804902,1620002352.8764381,1620002360.9804902,1620002344.772386,0
1006,1,1,1,0,102.404866638479,128,0.14167940758930742,6,57329,502,1620002362.7813907,1620002354.6773386,1620002362.7813907,1620002346.5732865,0
1001,1,0,0,1,119.33590459393595,128,0.01255394130967008,6,28997,1883,1620002364.5822911,1620002356.478239,1620002364.5822911,1620002348.374187,0
1003,0,1,1,1,338.26769920885863,128,0.1791016486769466,6,24141,1883,1620002366.3831916,1620002358.2791395,1620002366.3831916,1620002350.1750875,0
1006,0,0,1,1,877.9268851115083,255,0.12228831640237606,6,17474,443,1620002368.184092,1620002360.08004,1620002368.184092,1620002351.975988,1
1002,0,0,0,0,417.88758501549216,64,0.08611912874157249,1,16559,443,1620002369.9849925,1620002361.8809404,1620002369.9849925,1620002353.7768884,0
1001,0,1,0,0,529.0487900146909,255,0.22048717556605146,1,58176,502,1620002371.785893,1620002363.681841,1620002371.785893,1620002355.5777888,0
1009,1,1,0,0,760.667373240678,128,0.12049945056977639,6,30379,443,1620002373.5867934,1620002365.4827414,1620002373.5867934,1620002357.3786893,0
1006,1,0,0,0,522.0642726223376,128,0.0225270765519694,6,8669,1883,1620002375.387694,1620002367.2836418,1620002375.387694,1620002359.1795897,0
1000,0,0,1,0,515.1782077041549,128,0.05616723180269739,6,43262,80,1620002377.1885943,1620002369.0845423,1620002377.1885943,1620002360.9804902,0
1007,0,1,1,1,624.5326387890293,128,0.06813033305476766,1,5182,502,1620002378.9894948,1620002370.8854427,1620002378.9894948,1620002362.7813907,0
1002,1,0,0,1,557.7939511019974,255,0.005680067086743842,6,42797,80,1620002380.7903953,1620002372.6863432,1620002380.7903953,1620002364.5822911,0
1001,0,1,0,1,480.106578999303,64,0.30930698009606167,6,17810,1883,1620002382.5912957,1620002374.4872437,1620002382.5912957,1620002366.3831916,0
1002,0,0,0,1,355.7101313605115,64,0.013762807061617347,6,41717,502,1620002384.3921962,1620002376.288144,1620002384.3921962,1620002368.184092,0
1004,0,1,1,1,515.6977781730913,128,0.11955459674822506,1,31935,80,1620002386.1930966,1620002378.0890446,1620002386.1930966,1620002369.9849925,0
1007,0,0,0,1,718.8799594166281,64,0.0705687555587166,17,27602,502,1620002387.993997,1620002379.889945,1620002387.993997,1620002371.785893,0
1009,0,0,1,1,856.4009173997442,128,0.0025966479746254425,17,47432,1883,1620002389.7948976,1620002381.6908455,1620002389.7948976,1620002373.5867934,0
1006,0,1,0,0,558.455328313782,128,0.25869058325849753,1,5190,502,1620002391.595798,1620002383.491746,1620002391.595798,1620002375.387694,0
1006,1,0,0,1,651.0322270191946,64,0.19094409695671224,17,20333,1883,1620002393.3966982,1620002385.2926464,1620002393.3966982,1620002377.1885943,0
1006,0,0,0,0,553.9461414325624,128,0.07428794369569904,6,16100,502,1620002395.1975987,1620002387.0935466,1620002395.1975987,1620002378.9894948,0
1007,0,1,1,1,482.53412711927945,64,0.025999211721609246,6,20401,502,1620002396.9984992,1620002388.8944473,1620002396.9984992,1620002380.7903953,0
1000,1,0,1,1,602.8514157225369,128,0.012967926808383748,1,10302,443,1620002398.7993996,1620002390.6953475,1620002398.7993996,1620002382.5912957,1
1003,1,0,1,0,737.8665668624968,64,0.045160195055662176,1,62708,1883,1620002400.6003,1620002392.496248,1620002400.6003,1620002384.3921962,0
1005,1,0,0,1,322.72763279617095,128,0.029494609979329595,17,60934,22,1620002402.4012005,1620002394.2971485,1620002402.4012005,1620002386.1930966,0
1008,0,1,1,0,209.72065953741824,64,0.0706619933898276,17,62856,502,1620002404.202101,1620002396.098049,1620002404.202101,1620002387.993997,0
1001,1,1,1,1,393.39835007270676,128,0.3393505920633426,6,34563,80,1620002406.0030015,1620002397.8989494,1620002406.0030015,1620002389.7948976,0
1000,0,1,0,0,542.3323886599408,128,0.08555566883495323,1,62040,443,1620002407.803902,1620002399.6998498,1620002407.803902,1620002391.595798,0
1009,0,0,0,1,673.9743235242463,128,0.22066483448891688,17,12464,443,1620002409.6048024,1620002401.50075,1620002409.6048024,1620002393.3966982,1
1001,0,0,1,0,302.0984350289024,64,0.10523362465302377,17,57547,502,1620002411.4057028,1620002403.3016505,1620002411.4057028,1620002395.1975987,0
1006,1,0,1,0,40.0,255,0.06448267011269325,6,27269,22,1620002413.2066033,1620002405.1025512,1620002413.2066033,1620002396.9984992,0
1002,1,0,1,1,398.11026866579675,128,0.19283187285323702,6,23121,443,1620002415.0075037,1620002406.9034514,1620002415.0075037,1620002398.7993996,0
1009,1,1,1,1,461.2171548683528,128,0.06374629497875385,6,9191,1883,1620002416.8084042,1620002408.7043521,1620002416.8084042,1620002400.6003,0
1001,1,0,0,0,267.54530331771235,64,0.20297235833615704,6,2580,502,1620002418.6093047,1620002410.5052526,1620002418.6093047,1620002402.4012005,0
1006,1,0,0,1,348.7818142365376,128,0.034471358080447545,17,44942,502,1620002420.4102051,1620002412.306153,1620002420.4102051,1620002404.202101,0
1001,0,0,0,0,673.4566820173995,128,0.013789871409098684,1,2175,22,1620002422.2111056,1620002414.1070535,1620002422.2111056,1620002406.0030015,0
1002,0,1,1,1,515.6240139192198,128,0.19331926113842493,1,22722,1883,1620002424.012006,1620002415.9079537,1620002424.012006,1620002407.803902,0
1006,0,0,1,0,569.1244237218635,128,0.08853134308203175,6,18625,1883,1620002425.8129065,1620002417.7088542,1620002425.8129065,1620002409.6048024,0
1003,0,0,0,1,428.8635536778905,255,0.21990578409782327,6,27831,22,1620002427.613807,1620002419.509755,1620002427.613807,1620002411.4057028,0
1000,1,0,0,0,349.1779178083348,255,0.2777837786382405,17,46326,80,1620002429.4147074,1620002421.310655,1620002429.4147074,1620002413.2066033,0
1004,1,0,1,1,427.4203541151712,128,0.005511996504713252,6,21352,1883,1620002431.215608,1620002423.1115558,1620002431.215608,1620002415.0075037,0
1008,0,0,1,0,599.7760388359384,128,0.0695087665801949,1,9063,80,1620002433.0165083,1620002424.9124563,1620002433.0165083,1620002416.8084042,0
1007,1,1,0,0,201.73595773175666,128,0.046994690937358474,6,52218,80,1620002434.8174088,1620002426.7133567,1620002434.8174088,1620002418.6093047,0
1008,1,0,0,1,830.0340519664022,255,0.0983120935765529,1,48451,502,1620002436.6183093,1620002428.5142572,1620002436.6183093,1620002420.4102051,0
1009,0,0,0,1,614.9716991364805,255,0.15778965970706327,6,7327,502,1620002438.4192097,1620002430.3151574,1620002438.4192097,1620002422.2111056,0
1008,0,0,1,0,392.82397914185697,64,0.032932414755506026,6,59073,443,1620002440.22011,1620002432.1160579,1620002440.22011,1620002424.012006,0
1006,1,0,1,0,662.6814235773002,64,0.08137304981883148,1,20077,502,1620002442.0210104,1620002433.9169586,1620002442.0210104,1620002425.8129065,0
1003,1,0,1,0,744.4698134146216,128,0.12334997314156537,17,32668,1883,1620002443.8219109,1620002435.7178588,1620002443.8219109,1620002427.613807,0
1004,0,0,1,0,433.9323900795123,128,0.014436828054082598,17,52289,1883,1620002445.6228113,1620002437.5187593,1620002445.6228113,1620002429.4147074,0
1000,0,0,1,1,456.6830420469877,255,0.16823683793952993,6,36769,80,1620002447.4237118,1620002439.3196597,1620002447.4237118,1620002431.215608,0
1000,0,0,1,0,798.694842694601,128,0.09316825805969382,6,46333,1883,1620002449.2246122,1620002441.1205602,1620002449.2246122,1620002433.0165083,0
1002,1,0,0,0,923.7950293836196,128,0.29865235466042367,1,21786,502,1620002451.0255127,1620002442.9214606,1620002451.0255127,1620002434.8174088,0
1007,0,0,0,0,505.8871315136215,255,0.04148019396735117,1,24635,502,1620002452.8264132,1620002444.722361,1620002452.8264132,1620002436.6183093,0
1001,0,1,1,1,268.3571305822051,255,0.011445277227375922,6,56437,502,1620002454.6273136,1620002446.5232615,1620002454.6273136,1620002438.4192097,0
1003,1,1,0,0,405.87956901508835,255,0.07062348538236703,1,1446,22,1620002456.428214,1620002448.324162,1620002456.428214,1620002440.22011,0
1001,1,1,1,1,706.6031488938401,255,0.008971769581573245,17,32299,1883,1620002458.2291145,1620002450.1250625,1620002458.2291145,1620002442.0210104,0
1004,1,1,0,1,293.9569407972411,64,0.34908985908856965,17,27621,443,1620002460.030015,1620002451.925963,1620002460.030015,1620002443.8219109,0
1008,1,0,1,1,458.34336004819625,255,0.003945309673973471,1,13009,1883,1620002461.8309155,1620002453.7268634,1620002461.8309155,1620002445.6228113,0
1000,1,1,0,1,558.5169762863259,255,0.14004091116177605,1,29731,1883,1620002463.631816,1620002455.5277638,1620002463.631816,1620002447.4237118,0
1004,0,1,0,1,315.45706271846655,128,0.07446560732234372,1,58898,22,1620002465.4327164,1620002457.3286643,1620002465.4327164,1620002449.2246122,0
1008,0,0,1,1,719.2869123752154,128,0.04598484124497218,17,50266,1883,1620002467.2336168,1620002459.1295648,1620002467.2336168,1620002451.0255127,0
1000,1,1,1,1,638.793503040875,128,0.006810986628152087,6,4396,80,1620002469.0345173,1620002460.9304652,1620002469.0345173,1620002452.8264132,0
1008,1,1,0,0,901.9091819050584,64,0.097330277923869,1,17107,502,1620002470.8354177,1620002462.7313657,1620002470.8354177,1620002454.6273136,0
1007,1,0,0,0,656.2921791715544,255,0.08800078139313558,1,56212,502,1620002472.6363182,1620002464.5322661,1620002472.6363182,1620002456.428214,0
1003,1,0,1,1,307.8220728867924,255,0.03297315882175055,1,35734,22,1620002474.4372187,1620002466.3331666,1620002474.4372187,1620002458.2291145,1
1009,1,0,0,0,606.0738121818383,64,0.24104119966913262,6,53981,502,1620002476.2381191,1620002468.134067,1620002476.2381191,1620002460.030015,0
1004,0,1,1,0,697.6043347031713,255,0.036256368766703115,1,26840,80,1620002478.0390196,1620002469.9349675,1620002478.0390196,1620002461.8309155,0
1004,0,1,1,1,707.8957628250693,128,0.059733787187227085,1,10974,22,1620002479.83992,1620002471.735868,1620002479.83992,1620002463.631816,0
1005,0,0,0,0,344.63157042185276,64,0.07847416751017341,17,50074,443,1620002481.6408205,1620002473.5367684,1620002481.6408205,1620002465.4327164,0
1006,0,0,1,1,320.732459528905,255,0.01056181912714316,1,50273,502,1620002483.441721,1620002475.337669,1620002483.441721,1620002467.2336168,0
1007,1,1,0,0,272.07257617819766,64,0.26906286300016885,17,35271,1883,1620002485.2426214,1620002477.1385694,1620002485.2426214,1620002469.0345173,0
1007,0,0,0,1,820.9463988277732,64,0.04692617484290407,6,5650,80,1620002487.0435216,1620002478.9394698,1620002487.0435216,1620002470.8354177,0
1001,1,1,1,1,624.5757647684077,255,0.008422893942470307,1,27432,80,1620002488.844422,1620002480.7403703,1620002488.844422,1620002472.6363182,0
1008,1,0,0,0,335.75627515825784,128,0.04898654537321728,1,11801,502,1620002490.6453226,1620002482.5412707,1620002490.6453226,1620002474.4372187,0
1006,1,0,1,0,525.4377877514241,255,0.0916797227853042,17,6171,443,1620002492.446223,1620002484.3421712,1620002492.446223,1620002476.2381191,0
1003,0,1,1,1,475.26253731979523,255,0.07208322433002204,6,53823,1883,1620002494.2471235,1620002486.1430717,1620002494.2471235,1620002478.0390196,0
1003,1,0,1,1,305.4837062068634,128,0.11859429043673458,6,6467,443,1620002496.048024,1620002487.943972,1620002496.048024,1620002479.83992,0
1007,0,0,0,1,507.23678879132063,255,0.005708259066885622,17,1103,443,1620002497.8489244,1620002489.7448723,1620002497.8489244,1620002481.6408205,0
1003,0,0,1,0,538.1390575440878,255,0.0334830439488883,6,32306,502,1620002499.6498249,1620002491.545773,1620002499.6498249,1620002483.441721,0
1005,1,1,0,0,886.2506189303799,255,0.17105329650172396,6,39369,1883,1620002501.4507253,1620002493.3466735,1620002501.4507253,1620002485.2426214,0
1004,1,0,1,0,368.8624948467454,64,0.0083266058866697,6,13925,502,1620002503.2516258,1620002495.1475737,1620002503.2516258,1620002487.0435216,0
1002,1,0,1,0,158.12013516093236,64,0.19343785768172658,6,3247,502,1620002505.0525262,1620002496.9484742,1620002505.0525262,1620002488.844422,0
1009,0,0,1,1,290.2092529288046,64,0.009639647088971848,6,36361,80,1620002506.8534267,1620002498.7493746,1620002506.8534267,1620002490.6453226,0
1001,1,0,0,1,321.47051531355555,255,0.17985074752447114,6,43756,502,1620002508.6543272,1620002500.550275,1620002508.6543272,1620002492.446223,0
1008,0,0,0,1,414.6145647934209,128,0.044751973869772296,6,14792,22,1620002510.4552276,1620002502.3511758,1620002510.4552276,1620002494.2471235,0
1009,1,0,1,1,290.69925417457154,64,0.09472889074039259,6,54694,1883,1620002512.256128,1620002504.152076,1620002512.256128,1620002496.048024,0
1008,1,1,1,0,664.4244011637879,128,0.016592131770633924,1,18531,80,1620002514.0570285,1620002505.9529765,1620002514.0570285,1620002497.8489244,0
1000,0,1,0,1,276.79344739810404,255,0.0068459501316806975,17,64498,1883,1620002515.857929,1620002507.753877,1620002515.857929,1620002499.6498249,0
1009,0,0,0,1,504.00359365984605,64,0.024326744033508384,6,17273,80,1620002517.6588295,1620002509.5547774,1620002517.6588295,1620002501.4507253,0
1002,0,1,0,0,900.038436704435,255,0.013679822911021038,17,62179,22,1620002519.45973,1620002511.3556778,1620002519.45973,1620002503.2516258,0
1007,0,1,1,0,610.7136543527248,128,0.037455658270573594,6,61842,502,1620002521.2606304,1620002513.1565783,1620002521.2606304,1620002505.0525262,0
1005,0,0,0,1,590.1514023424719,64,0.07223355392368819,6,36415,80,1620002523.0615308,1620002514.9574788,1620002523.0615308,1620002506.8534267,0
1004,0,1,1,0,871.463240149032,64,0.08885769888755587,1,35195,80,1620002524.8624313,1620002516.7583795,1620002524.8624313,1620002508.6543272,0
1004,1,1,0,1,749.1299128473946,64,0.15600198853154057,17,52754,80,1620002526.6633317,1620002518.5592797,1620002526.6633317,1620002510.4552276,0
1005,1,1,1,0,613.0248734705207,64,0.10678112289742502,17,50507,22,1620002528.4642322,1620002520.3601801,1620002528.4642322,1620002512.256128,0
1006,0,1,1,0,437.8546300111062,128,0.09384298156405574,1,8509,1883,1620002530.2651327,1620002522.1610806,1620002530.2651327,1620002514.0570285,0
1000,1,1,1,1,495.4622250420413,64,0.053065769822155065,1,63116,22,1620002532.0660331,1620002523.961981,1620002532.0660331,1620002515.857929,0
1008,0,1,0,0,485.73922646675874,255,0.06420899404552785,17,45592,80,1620002533.8669336,1620002525.7628815,1620002533.8669336,1620002517.6588295,0
1002,1,1,0,1,419.7148904855783,64,0.05353246719660503,6,50915,80,1620002535.6678338,1620002527.563782,1620002535.6678338,1620002519.45973,0
1003,1,1,0,0,542.4073023765849,128,0.18462116216302404,6,30808,502,1620002537.4687343,1620002529.3646824,1620002537.4687343,1620002521.2606304,0
1009,0,0,1,0,570.1495394095313,64,0.026136535185977486,17,64091,22,1620002539.2696347,1620002531.165583,1620002539.2696347,1620002523.0615308,0
1000,0,0,1,0,251.07430656835484,128,0.0005737358753414059,6,46590,22,1620002541.0705352,1620002532.9664834,1620002541.0705352,1620002524.8624313,0
1009,0,1,0,0,826.4084999924597,128,0.1053600388087857,1,25641,443,1620002542.8714356,1620002534.7673836,1620002542.8714356,1620002526.6633317,0
1002,1,1,1,0,581.9595026146563,255,0.022622602681267118,1,38772,1883,1620002544.672336,1620002536.5682843,1620002544.672336,1620002528.4642322,0
1001,0,0,1,1,447.44340760987654,64,0.22083221550816795,1,4902,443,1620002546.4732366,1620002538.3691845,1620002546.4732366,1620002530.2651327,0
1001,1,1,1,0,544.2351957458915,64,0.19593240220778643,17,2973,443,1620002548.274137,1620002540.170085,1620002548.274137,1620002532.0660331,0
1000,0,1,0,1,686.0737782317201,64,0.007983071640083057,17,20868,1883,1620002550.0750375,1620002541.9709854,1620002550.0750375,1620002533.8669336,0
1007,1,0,1,0,206.6627174828215,255,0.011248405617040639,17,52304,502,1620002551.875938,1620002543.7718859,1620002551.875938,1620002535.6678338,0
1002,1,0,0,1,478.98785470395086,255,0.06835366940743952,6,21905,502,1620002553.6768384,1620002545.5727863,1620002553.6768384,1620002537.4687343,0
1002,0,0,0,0,262.8288450275335,128,0.09396173512047457,17,52330,1883,1620002555.4777389,1620002547.3736868,1620002555.4777389,1620002539.2696347,0
1005,1,1,0,1,1031.400764195124,128,0.03214572010602167,17,22638,1883,1620002557.2786393,1620002549.1745872,1620002557.2786393,1620002541.0705352,0
1007,1,1,0,1,527.637209553723,128,0.12615938546928518,1,24852,22,1620002559.0795398,1620002550.9754877,1620002559.0795398,1620002542.8714356,0
1008,0,0,0,0,264.4508704800987,255,0.09036608776149585,6,51413,22,1620002560.8804402,1620002552.7763882,1620002560.8804402,1620002544.672336,0
1008,1,0,1,0,1219.8933561394786,255,0.039278204390390745,6,10982,22,1620002562.6813407,1620002554.5772886,1620002562.6813407,1620002546.4732366,0
1003,0,1,0,0,392.7962842439222,255,0.0025698893965063105,1,60209,22,1620002564.4822412,1620002556.378189,1620002564.4822412,1620002548.274137,0
1004,0,0,0,1,458.18401638475854,128,0.13868956670621493,6,9721,80,1620002566.2831416,1620002558.1790895,1620002566.2831416,1620002550.0750375,1
1001,0,1,0,1,472.6403520029275,255,0.024175780892841062,17,22648,80,1620002568.084042,1620002559.97999,1620002568.084042,1620002551.875938,1
1008,0,1,1,0,330.40938868619287,128,0.17986254469759255,6,16517,502,1620002569.8849425,1620002561.7808905,1620002569.8849425,1620002553.6768384,0
1007,1,0,1,0,549.4704034992286,128,0.05452277490771573,1,43825,80,1620002571.685843,1620002563.581791,1620002571.685843,1620002555.4777389,0
1002,1,0,1,1,57.85196672799486,64,0.08605661962046776,6,22223,80,1620002573.4867435,1620002565.3826914,1620002573.4867435,1620002557.2786393,0
1008,1,1,1,1,717.1796765754583,64,0.20631645764205706,1,43378,22,1620002575.287644,1620002567.1835918,1620002575.287644,1620002559.0795398,0
1002,0,0,0,0,274.43902585255586,64,0.19923321762375562,17,1280,22,1620002577.0885444,1620002568.9844923,1620002577.0885444,1620002560.8804402,0
1008,1,0,0,1,416.93569553793765,128,0.04644503974091533,17,35512,1883,1620002578.8894448,1620002570.7853928,1620002578.8894448,1620002562.6813407,0
1001,1,0,1,0,650.3039347372326,64,0.02343168567485131,1,31517,22,1620002580.6903453,1620002572.5862932,1620002580.6903453,1620002564.4822412,0
1009,0,0,1,0,459.107796338777,64,0.14923043219709098,17,47033,1883,1620002582.4912455,1620002574.3871937,1620002582.4912455,1620002566.2831416,0
1008,0,1,1,0,467.2904505804748,64,0.05675374378208199,17,50026,1883,1620002584.292146,1620002576.1880941,1620002584.292146,1620002568.084042,0
1007,1,1,1,1,297.5845114540458,255,0.021324519403813483,6,24755,80,1620002586.0930464,1620002577.9889946,1620002586.0930464,1620002569.8849425,0
1008,0,1,0,1,919.12964349409,128,0.234784758106603,17,8100,22,1620002587.893947,1620002579.7898948,1620002587.893947,1620002571.685843,0
1004,0,1,1,1,606.296476441318,64,0.022077659756204113,1,2095,80,1620002589.6948473,1620002581.5907955,1620002589.6948473,1620002573.4867435,0
1001,0,0,1,1,283.44301034616666,255,0.002614601566512803,17,35414,22,1620002591.4957478,1620002583.3916957,1620002591.4957478,1620002575.287644,0
1007,0,0,1,0,535.6364892115703,255,0.002048843565174785,6,63360,80,1620002593.2966483,1620002585.1925962,1620002593.2966483,1620002577.0885444,0
1005,1,1,1,1,269.306401069738,255,0.09736957078987607,1,3090,80,1620002595.0975487,1620002586.9934967,1620002595.0975487,1620002578.8894448,0
1007,0,1,1,0,844.4828587978899,64,0.1083748486484685,17,26669,80,1620002596.8984492,1620002588.794397,1620002596.8984492,1620002580.6903453,0
1004,0,0,1,0,539.9275921417092,255,0.037257453963645375,17,42434,502,1620002598.6993496,1620002590.5952976,1620002598.6993496,1620002582.4912455,0
1009,0,1,1,0,304.8906944185867,128,0.038567864160001575,17,34689,80,1620002600.50025,1620002592.396198,1620002600.50025,1620002584.292146,0
1001,0,1,0,1,639.5181471247834,255,0.041474894243530847,1,55351,443,1620002602.3011506,1620002594.1970985,1620002602.3011506,1620002586.0930464,0
1005,0,0,0,0,444.3848655903373,255,0.11399298645900402,6,30436,443,1620002604.102051,1620002595.997999,1620002604.102051,1620002587.893947,0
1004,0,1,0,0,242.35426889550382,255,0.005989204318370446,1,62096,443,1620002605.9029515,1620002597.7988994,1620002605.9029515,1620002589.6948473,0
1004,0,0,0,1,576.209266780042,255,0.26467155164940465,1,32859,1883,1620002607.703852,1620002599.5997996,1620002607.703852,1620002591.4957478,1
1000,0,0,0,0,570.5683668275788,128,0.025169870176122034,6,42065,80,1620002609.5047524,1620002601.4007003,1620002609.5047524,1620002593.2966483,0
1001,1,1,0,1,727.5467265134796,64,0.8026178235781022,1,59104,443,1620002611.3056529,1620002603.2016008,1620002611.3056529,1620002595.0975487,0
1007,0,0,1,1,512.9007113835595,128,0.018816583390550153,1,54350,1883,1620002613.1065533,1620002605.0025012,1620002613.1065533,1620002596.8984492,0
1002,1,1,1,1,521.4120573917102,128,0.14764224035963905,17,39573,443,1620002614.9074538,1620002606.8034017,1620002614.9074538,1620002598.6993496,0
1009,0,0,0,0,532.0266073090368,64,0.025284601547152525,1,54120,22,1620002616.7083542,1620002608.6043022,1620002616.7083542,1620002600.50025,0
1002,0,1,1,1,819.0565989014059,255,0.008430246936965586,17,56602,502,1620002618.5092547,1620002610.4052026,1620002618.5092547,1620002602.3011506,0
1007,0,1,0,1,437.9852953451858,64,0.20789082786950097,1,47414,80,1620002620.3101552,1620002612.206103,1620002620.3101552,1620002604.102051,0
1007,0,1,1,1,593.8909937611463,64,0.19572328236211056,17,47076,502,1620002622.1110556,1620002614.0070033,1620002622.1110556,1620002605.9029515,0
1001,1,0,1,1,623.3490904031224,128,0.05167940535437542,17,44191,502,1620002623.911956,1620002615.807904,1620002623.911956,1620002607.703852,0
1007,0,0,1,0,569.9553038461519,64,0.12119920142134777,17,55611,22,1620002625.7128565,1620002617.6088045,1620002625.7128565,1620002609.5047524,0
1000,0,1,1,1,430.41907878808587,255,0.08143343522572241,6,62316,22,1620002627.513757,1620002619.409705,1620002627.513757,1620002611.3056529,0
1005,1,0,1,0,524.1208014615006,128,0.19170241903224375,1,27602,22,1620002629.3146572,1620002621.2106054,1620002629.3146572,1620002613.1065533,0
1007,1,1,1,1,481.2684477134299,255,0.03784181510926454,1,10907,1883,1620002631.1155577,1620002623.0115056,1620002631.1155577,1620002614.9074538,0
1002,0,1,0,0,891.8420720223606,128,0.074164942617977,1,43163,443,1620002632.9164581,1620002624.812406,1620002632.9164581,1620002616.7083542,0
1007,1,0,0,1,408.4472429137388,255,0.06643116907283853,6,53111,80,1620002634.7173586,1620002626.6133065,1620002634.7173586,1620002618.5092547,0
1000,1,1,1,0,317.48429474955435,64,0.043681000603623156,17,23241,22,1620002636.518259,1620002628.414207,1620002636.518259,1620002620.3101552,0
1008,1,0,0,1,498.75966171338484,64,0.22205910401845338,1,11731,80,1620002638.3191595,1620002630.2151074,1620002638.3191595,1620002622.1110556,0
1008,0,1,1,0,484.66036051426545,64,0.018137551402860507,6,41880,80,1620002640.12006,1620002632.016008,1620002640.12006,1620002623.911956,0
1004,0,0,0,0,539.368704033726,255,0.016194102536441848,6,14164,80,1620002641.9209604,1620002633.8169084,1620002641.9209604,1620002625.7128565,0
1009,0,1,1,0,408.51067955973366,128,0.08601692583163867,1,50637,22,1620002643.721861,1620002635.6178088,1620002643.721861,1620002627.513757,0
1003,1,1,0,1,522.0746959865753,128,0.10714667746624687,17,12117,22,1620002645.5227613,1620002637.4187093,1620002645.5227613,1620002629.3146572,0
1005,0,0,1,0,525.9214077942423,128,0.021644013738713358,6,17524,443,1620002647.3236618,1620002639.2196097,1620002647.3236618,1620002631.1155577,0
1006,1,1,0,0,681.197937872001,64,0.04954731488478034,1,39577,22,1620002649.1245623,1620002641.0205102,1620002649.1245623,1620002632.9164581,0
1004,0,1,1,0,518.6012767418304,255,0.29292676643669313,17,7531,22,1620002650.9254627,1620002642.8214107,1620002650.9254627,1620002634.7173586,0
1009,0,0,0,0,520.4950061263178,128,0.02831821094105922,6,33610,80,1620002652.7263632,1620002644.622311,1620002652.7263632,1620002636.518259,0
1008,1,1,1,1,603.2692759417034,255,0.11037073528434466,6,60022,443,1620002654.5272636,1620002646.4232116,1620002654.5272636,1620002638.3191595,0
1002,0,0,1,0,673.5310126363034,128,0.1347648404251943,1,6854,502,1620002656.328164,1620002648.224112,1620002656.328164,1620002640.12006,0
1006,1,1,1,0,303.2648424746842,64,0.05944404110940085,1,31632,22,1620002658.1290646,1620002650.0250125,1620002658.1290646,1620002641.9209604,0
1009,1,0,0,0,249.53588802663572,255,0.2773004596856971,17,38353,22,1620002659.929965,1620002651.825913,1620002659.929965,1620002643.721861,0
1009,0,1,0,1,839.0959258767623,128,0.13342969085413248,1,60166,502,1620002661.7308655,1620002653.6268134,1620002661.7308655,1620002645.5227613,0
1004,1,1,0,0,640.8150875856317,128,0.06123501356750105,1,48311,80,1620002663.531766,1620002655.4277139,1620002663.531766,1620002647.3236618,1
1006,0,1,1,0,456.1226727341194,128,0.08424252218064932,17,25535,443,1620002665.3326664,1620002657.2286143,1620002665.3326664,1620002649.1245623,0
1001,0,0,0,0,503.9403873266262,128,0.1179649181511564,1,34451,80,1620002667.1335669,1620002659.0295148,1620002667.1335669,1620002650.9254627,0
1003,1,0,1,0,421.48766133403467,64,0.08969543417526232,17,61605,1883,1620002668.9344673,1620002660.8304152,1620002668.9344673,1620002652.7263632,0
1001,0,0,0,1,542.2561448883105,128,0.21094685442369096,17,19530,22,1620002670.7353678,1620002662.6313157,1620002670.7353678,1620002654.5272636,0
1006,1,0,0,0,305.6325621190624,128,0.04414374162041571,17,29419,1883,1620002672.5362682,1620002664.4322162,1620002672.5362682,1620002656.328164,0
1001,0,1,0,0,668.0333970179852,64,0.03565117287673459,1,65337,22,1620002674.3371687,1620002666.2331166,1620002674.3371687,1620002658.1290646,0
1000,0,1,0,1,535.0906797257003,128,0.02405935323606112,17,45327,1883,1620002676.1380692,1620002668.034017,1620002676.1380692,1620002659.929965,0
1008,0,0,1,1,542.3254192066703,255,0.003851524883893587,1,47794,502,1620002677.9389694,1620002669.8349175,1620002677.9389694,1620002661.7308655,0
1000,0,0,0,1,321.2115234642956,255,0.004396647946433352,17,28150,22,1620002679.7398698,1620002671.635818,1620002679.7398698,1620002663.531766,0
1007,0,0,0,0,604.8534193545271,128,0.2040645481057778,1,30490,22,1620002681.5407703,1620002673.4367185,1620002681.5407703,1620002665.3326664,0
1001,1,1,1,1,325.8056713707918,64,0.11344254309774954,17,18994,1883,1620002683.3416708,1620002675.237619,1620002683.3416708,1620002667.1335669,0
1007,1,0,1,0,361.56982801824284,64,0.10803768164726246,6,5706,443,1620002685.1425712,1620002677.0385194,1620002685.1425712,1620002668.9344673,0
1002,1,0,0,1,517.5243846883502,64,0.09535846317556576,6,56975,1883,1620002686.9434717,1620002678.8394198,1620002686.9434717,1620002670.7353678,0
1005,1,1,0,0,1001.4663799231304,128,0.1891927785672588,6,49494,22,1620002688.7443721,1620002680.64032,1620002688.7443721,1620002672.5362682,0
1002,1,1,1,1,534.2932266709619,128,0.06544399177874986,17,11963,22,1620002690.5452726,1620002682.4412205,1620002690.5452726,1620002674.3371687,0
1006,1,0,1,0,40.0,255,0.20433860522453556,1,9850,443,1620002692.346173,1620002684.2421212,1620002692.346173,1620002676.1380692,0
1009,0,1,1,1,371.4997233278499,64,0.04454203317925656,17,24395,80,1620002694.1470735,1620002686.0430214,1620002694.1470735,1620002677.9389694,0
1008,0,0,0,0,636.7458224441148,128,0.26132970537629013,17,30970,443,1620002695.947974,1620002687.843922,1620002695.947974,1620002679.7398698,0
1001,1,1,0,0,274.3078110031753,128,0.11995060620266368,17,25383,80,1620002697.7488744,1620002689.6448224,1620002697.7488744,1620002681.5407703,0
1004,1,0,0,0,666.2204882291319,128,0.029729766918089612,17,20290,22,1620002699.549775,1620002691.4457228,1620002699.549775,1620002683.3416708,0
1005,0,0,1,0,531.7641149530059,64,0.08303078291193172,1,39041,502,1620002701.3506753,1620002693.2466233,1620002701.3506753,1620002685.1425712,0
1003,0,0,1,0,698.2654385181552,64,0.07614914656136768,17,20219,502,1620002703.1515758,1620002695.0475237,1620002703.1515758,1620002686.9434717,0
1003,0,0,1,0,388.22917814980053,255,0.01483826390235819,6,46437,1883,1620002704.9524763,1620002696.8484242,1620002704.9524763,1620002688.7443721,0
1003,1,1,0,0,372.6432170134568,64,0.08946342009594865,6,62383,443,1620002706.7533767,1620002698.649325,1620002706.7533767,1620002690.5452726,0
1001,1,1,1,0,612.9970316569023,128,0.03780235316036423,6,28339,443,1620002708.5542772,1620002700.450225,1620002708.5542772,1620002692.346173,0
1003,1,1,0,1,498.4943250055681,255,0.005376874189647888,17,55703,502,1620002710.3551776,1620002702.2511256,1620002710.3551776,1620002694.1470735,0
1000,0,1,1,0,486.39543764274515,64,0.29692102661869146,1,19292,80,1620002712.156078,1620002704.052026,1620002712.156078,1620002695.947974,0
1005,0,0,0,0,813.7939737898126,64,0.10257997547685452,1,10734,443,1620002713.9569786,1620002705.8529265,1620002713.9569786,1620002697.7488744,0
1000,1,0,0,1,620.828185412357,64,0.2094912050233543,1,42605,80,1620002715.757879,1620002707.653827,1620002715.757879,1620002699.549775,0
1009,1,1,1,0,102.01540666085447,64,0.11271846331101276,17,46561,80,1620002717.5587795,1620002709.4547274,1620002717.5587795,1620002701.3506753,0
1005,0,1,0,1,659.8136245032775,128,0.04415851929201174,1,63443,80,1620002719.35968,1620002711.2556279,1620002719.35968,1620002703.1515758,0
1000,0,1,1,0,639.7937600830244,64,0.07188508523725416,6,15185,80,1620002721.1605804,1620002713.0565286,1620002721.1605804,1620002704.9524763,0
1005,0,1,0,1,736.9822574446864,128,0.1126230464616304,1,32845,1883,1620002722.9614809,1620002714.8574288,1620002722.9614809,1620002706.7533767,0
1009,0,1,1,1,312.0603160852982,128,0.32252039352263817,17,55249,1883,1620002724.762381,1620002716.6583292,1620002724.762381,1620002708.5542772,0
1007,1,0,1,0,564.9611650420246,128,0.029258669262396255,17,10753,502,1620002726.5632815,1620002718.4592297,1620002726.5632815,1620002710.3551776,0
1001,0,0,0,1,522.3260042486363,255,0.20792580275125322,1,49472,1883,1620002728.364182,1620002720.2601302,1620002728.364182,1620002712.156078,0
1001,0,0,1,0,308.47363050404937,128,0.2578046216961698,17,49939,443,1620002730.1650825,1620002722.0610306,1620002730.1650825,1620002713.9569786,0
1003,0,1,0,0,689.3533135813161,64,0.11099225532287216,1,27937,1883,1620002731.965983,1620002723.861931,1620002731.965983,1620002715.757879,0
1002,1,1,1,0,451.6908001381235,255,0.26775204247970047,1,55592,443,1620002733.7668834,1620002725.6628315,1620002733.7668834,1620002717.5587795,1
1003,1,1,1,0,730.546478250467,64,0.050729617207710104,6,23208,443,1620002735.5677838,1620002727.463732,1620002735.5677838,1620002719.35968,0
1006,0,1,1,1,351.4282429865048,128,0.30579519075857853,17,24303,80,1620002737.3686843,1620002729.2646325,1620002737.3686843,1620002721.1605804,0
1000,0,0,1,0,207.8829058401209,64,0.12132923539555318,6,27594,502,1620002739.1695848,1620002731.0655327,1620002739.1695848,1620002722.9614809,0
1005,0,0,0,1,451.48676359377106,255,0.004291352129955696,17,44054,80,1620002740.9704852,1620002732.8664334,1620002740.9704852,1620002724.762381,0
1002,1,1,1,1,546.3826365124895,255,0.23737893200734758,1,63269,80,1620002742.7713857,1620002734.6673336,1620002742.7713857,1620002726.5632815,0
1009,1,0,1,0,393.16081455621764,64,0.06625652301328536,17,56491,1883,1620002744.5722861,1620002736.4682338,1620002744.5722861,1620002728.364182,0
1006,1,0,0,0,40.0,64,0.061679185019591166,1,55106,1883,1620002746.3731866,1620002738.2691345,1620002746.3731866,1620002730.1650825,0
1009,0,1,0,0,576.729828983754,64,0.08357864522328146,17,36157,443,1620002748.174087,1620002740.0700352,1620002748.174087,1620002731.965983,0
1001,1,1,0,0,575.7961381044051,255,0.016179512888256517,6,14219,1883,1620002749.9749875,1620002741.8709354,1620002749.9749875,1620002733.7668834,0
1001,0,1,0,1,637.4334557081933,128,0.06333060158103808,6,44829,1883,1620002751.775888,1620002743.6718357,1620002751.775888,1620002735.5677838,0
1003,0,1,0,0,423.9015128898446,64,0.17786096091698397,1,45022,22,1620002753.5767884,1620002745.4727364,1620002753.5767884,1620002737.3686843,0
1000,0,1,0,1,412.9896535236186,128,0.0015603564035284385,6,18262,443,1620002755.377689,1620002747.273637,1620002755.377689,1620002739.1695848,0
1002,1,1,1,0,788.0643545602983,255,0.03187148606558953,1,16576,443,1620002757.1785893,1620002749.0745373,1620002757.1785893,1620002740.9704852,0
1008,0,0,0,0,184.91906283565677,64,0.0002457603879865734,1,3752,22,1620002758.9794898,1620002750.8754375,1620002758.9794898,1620002742.7713857,0
1006,1,0,1,0,450.576441266472,64,0.05373600846490165,1,51091,443,1620002760.7803903,1620002752.6763382,1620002760.7803903,1620002744.5722861,0
1006,1,1,0,0,528.4603692263611,255,0.1303113851016799,17,49269,502,1620002762.5812907,1620002754.477239,1620002762.5812907,1620002746.3731866,0
1003,0,0,1,1,621.2043660028481,64,0.16033158362168334,1,24581,502,1620002764.3821912,1620002756.278139,1620002764.3821912,1620002748.174087,0
1001,0,1,1,1,533.9534364808637,128,0.2903878261732671,6,5962,22,1620002766.1830916,1620002758.0790393,1620002766.1830916,1620002749.9749875,0
1003,1,1,1,0,315.6014723076882,255,0.09377815464324124,17,32226,1883,1620002767.983992,1620002759.87994,1620002767.983992,1620002751.775888,0
1005,0,1,0,1,733.5227896041708,255,0.02938703358557986,6,1155,502,1620002769.7848926,1620002761.6808407,1620002769.7848926,1620002753.5767884,0
1002,1,1,0,1,500.3814824553815,64,0.2578970535144412,1,26716,22,1620002771.5857928,1620002763.481741,1620002771.5857928,1620002755.377689,0
1000,0,0,0,0,166.39945870172716,255,0.1493059212975811,1,21001,502,1620002773.3866932,1620002765.2826412,1620002773.3866932,1620002757.1785893,0
1007,1,1,0,0,541.8353301546788,64,0.08543222675437304,6,59228,80,1620002775.1875937,1620002767.0835416,1620002775.1875937,1620002758.9794898,0
1004,1,0,1,1,595.0553742442928,64,0.11895447764365052,17,34085,22,1620002776.9884942,1620002768.884442,1620002776.9884942,1620002760.7803903,0
1004,1,1,0,1,892.148790679623,255,0.25811931921772513,6,28288,443,1620002778.7893946,1620002770.6853426,1620002778.7893946,1620002762.5812907,0
1003,1,1,1,1,581.7502697740584,64,0.12461638900438517,1,26599,502,1620002780.590295,1620002772.4862432,1620002780.590295,1620002764.3821912,0
1005,0,1,1,1,203.5948855969756,128,0.045945863576970974,17,15751,443,1620002782.3911955,1620002774.2871435,1620002782.3911955,1620002766.1830916,0
1002,0,0,0,0,210.61974183832865,128,0.12483713338665854,1,11512,22,1620002784.192096,1620002776.088044,1620002784.192096,1620002767.983992,0
1008,1,1,0,0,751.7418916396534,64,0.004111178935608501,1,21093,502,1620002785.9929965,1620002777.8889444,1620002785.9929965,1620002769.7848926,0
1004,1,1,0,1,339.43939733017214,128,0.0488437390773811,6,25424,443,1620002787.793897,1620002779.6898448,1620002787.793897,1620002771.5857928,0
1002,0,1,1,0,190.0837871709681,64,0.05214199322016108,1,25170,1883,1620002789.5947974,1620002781.490745,1620002789.5947974,1620002773.3866932,0
1000,0,0,0,1,700.1021735516865,128,0.01825274592954215,6,7870,1883,1620002791.3956978,1620002783.2916458,1620002791.3956978,1620002775.1875937,0
1009,0,0,1,1,404.85283755706587,255,0.002335612365527907,17,41376,80,1620002793.1965983,1620002785.0925462,1620002793.1965983,1620002776.9884942,0
1005,0,0,0,0,689.4027928319215,64,0.01431561182118337,1,24718,22,1620002794.9974988,1620002786.8934467,1620002794.9974988,1620002778.7893946,0
1001,0,1,1,1,317.0560989341177,64,0.1063114349708392,1,22764,443,1620002796.7983992,1620002788.6943471,1620002796.7983992,1620002780.590295,0
1002,0,0,0,1,794.762466733176,64,0.1620947981683652,17,50462,80,1620002798.5992997,1620002790.4952476,1620002798.5992997,1620002782.3911955,0
1000,1,1,0,0,674.4127413866552,64,0.4439951785136702,6,32020,22,1620002800.4002001,1620002792.296148,1620002800.4002001,1620002784.192096,0
1008,0,0,1,0,355.46292667973063,64,0.04252038971980421,1,64898,1883,1620002802.2011006,1620002794.0970485,1620002802.2011006,1620002785.9929965,0
1007,0,0,0,1,167.9219066210718,64,0.09147399905480176,17,33149,443,1620002804.002001,1620002795.8979487,1620002804.002001,1620002787.793897,0
1001,1,1,0,1,961.0327717508283,255,0.2766924264656242,1,42433,502,1620002805.8029015,1620002797.6988494,1620002805.8029015,1620002789.5947974,0
1007,0,0,0,0,457.95845960137075,255,0.018277179574208297,6,60706,1883,1620002807.603802,1620002799.49975,1620002807.603802,1620002791.3956978,0
1008,0,1,0,1,347.4536705848566,128,0.12645922111198493,6,45224,502,1620002809.4047024,1620002801.3006504,1620002809.4047024,1620002793.1965983,0
1000,0,1,0,1,777.2616537658998,64,0.14064102687318103,6,23994,502,1620002811.205603,1620002803.1015508,1620002811.205603,1620002794.9974988,0
1004,0,0,0,0,689.1519706824881,128,0.00931855279327322,6,11919,443,1620002813.0065033,1620002804.9024513,1620002813.0065033,1620002796.7983992,0
1007,0,1,0,0,736.559308662516,128,0.19750770952523658,17,39095,443,1620002814.8074038,1620002806.7033517,1620002814.8074038,1620002798.5992997,0
1001,1,1,1,0,480.29834449645375,255,0.16772085692236272,1,53292,502,1620002816.6083043,1620002808.5042522,1620002816.6083043,1620002800.4002001,0
1003,0,0,1,0,876.2109380647248,128,0.003397363004302423,17,23282,80,1620002818.4092047,1620002810.3051524,1620002818.4092047,1620002802.2011006,0
1006,1,0,0,0,237.87636388972766,255,0.00955030547715622,6,24378,502,1620002820.210105,1620002812.106053,1620002820.210105,1620002804.002001,0
1002,1,1,0,0,389.59009568849575,128,0.005037465740253261,6,31665,502,1620002822.0110054,1620002813.9069536,1620002822.0110054,1620002805.8029015,0
1004,0,0,0,1,577.9757511429767,64,0.04075826462093548,6,58324,443,1620002823.8119059,1620002815.7078538,1620002823.8119059,1620002807.603802,0
1007,1,1,1,1,733.6222688474227,128,0.07118999001891663,6,62939,22,1620002825.6128063,1620002817.5087543,1620002825.6128063,1620002809.4047024,0
1009,0,1,1,0,632.2318041049659,255,0.07600302676821354,1,9468,1883,1620002827.4137068,1620002819.3096547,1620002827.4137068,1620002811.205603,0
1002,1,0,0,0,483.4268528306418,255,0.03115196223973369,6,10635,443,1620002829.2146072,1620002821.1105552,1620002829.2146072,1620002813.0065033,0
1003,1,0,1,1,404.97042655210413,255,0.24258480900523446,1,11552,80,1620002831.0155077,1620002822.9114556,1620002831.0155077,1620002814.8074038,0
1008,0,0,0,1,734.702171671871,128,0.04592817780662377,6,51411,1883,1620002832.8164082,1620002824.712356,1620002832.8164082,1620002816.6083043,0
1006,0,0,0,1,652.8792026554061,128,0.004662018404385448,1,2023,443,1620002834.6173086,1620002826.5132565,1620002834.6173086,1620002818.4092047,0
1000,0,1,0,0,325.09524146178717,255,0.03569994416415409,1,4784,443,1620002836.418209,1620002828.314157,1620002836.418209,1620002820.210105,0
1003,0,1,0,0,319.1461203873946,64,0.07573858480856363,6,37908,22,1620002838.2191095,1620002830.1150575,1620002838.2191095,1620002822.0110054,0
1003,0,0,1,1,390.90236911209695,64,0.052462341463379594,17,38203,80,1620002840.02001,1620002831.915958,1620002840.02001,1620002823.8119059,0
1008,1,0,1,0,365.247626876125,128,0.031998837183893965,17,60979,80,1620002841.8209105,1620002833.7168584,1620002841.8209105,1620002825.6128063,0
1005,1,1,0,0,705.9681825092936,128,0.014078420193342543,17,22965,443,1620002843.621811,1620002835.5177588,1620002843.621811,1620002827.4137068,0
1008,1,1,1,0,587.1464644436036,255,0.17101675012727302,17,27046,22,1620002845.4227114,1620002837.3186593,1620002845.4227114,1620002829.2146072,0
1005,1,1,1,1,611.5574480806196,128,0.5558447081771211,17,55528,443,1620002847.2236118,1620002839.1195598,1620002847.2236118,1620002831.0155077,0
1005,1,1,0,1,538.3339273593552,128,0.03997944171966469,6,44154,502,1620002849.0245123,1620002840.9204602,1620002849.0245123,1620002832.8164082,0
1004,1,0,1,0,547.754143067471,255,0.04806538123277462,6,44905,502,1620002850.8254128,1620002842.7213607,1620002850.8254128,1620002834.6173086,0
1004,1,1,0,0,183.63651693193773,255,0.09624329073392855,6,63423,22,1620002852.6263132,1620002844.5222611,1620002852.6263132,1620002836.418209,1
1001,0,1,0,0,658.8367315369537,128,0.12674149479869265,6,37475,443,1620002854.4272137,1620002846.3231616,1620002854.4272137,1620002838.2191095,0
1007,0,0,0,0,387.30370388171144,64,0.04976289751754606,6,52437,22,1620002856.2281141,1620002848.124062,1620002856.2281141,1620002840.02001,0
1007,1,1,0,0,493.3689333900014,128,0.2353136735965803,6,27545,443,1620002858.0290146,1620002849.9249625,1620002858.0290146,1620002841.8209105,0
1000,1,1,1,1,405.36541557293316,64,0.08209896185402904,1,63302,443,1620002859.829915,1620002851.725863,1620002859.829915,1620002843.621811,0
1007,0,0,0,0,529.1743130303352,64,0.05985464822070402,1,48774,502,1620002861.6308155,1620002853.5267634,1620002861.6308155,1620002845.4227114,0
1004,0,0,1,0,614.6187854487991,64,0.10403606066167617,6,30663,1883,1620002863.431716,1620002855.327664,1620002863.431716,1620002847.2236118,0
1001,0,0,0,0,298.2289934953342,255,0.30534429204172575,6,35645,80,1620002865.2326164,1620002857.1285644,1620002865.2326164,1620002849.0245123,0
1001,0,1,0,1,550.5498448488005,255,0.1582563751501428,1,32473,80,1620002867.0335166,1620002858.9294648,1620002867.0335166,1620002850.8254128,0
1005,1,1,1,1,410.19948424922865,255,0.0040835672254549435,1,58967,22,1620002868.834417,1620002860.7303653,1620002868.834417,1620002852.6263132,0
1008,0,0,0,0,764.2917551752007,128,0.04039311513316035,6,14103,80,1620002870.6353176,1620002862.5312657,1620002870.6353176,1620002854.4272137,0
1000,1,0,1,1,277.0749194040744,255,0.06359065083445081,1,62503,502,1620002872.436218,1620002864.3321662,1620002872.436218,1620002856.2281141,0
1005,1,1,1,1,299.4967460871892,255,0.037763241445727846,17,7919,1883,1620002874.2371185,1620002866.1330667,1620002874.2371185,1620002858.0290146,0
1008,1,0,0,1,428.08595639263797,128,0.12045982026148727,17,29003,443,1620002876.038019,1620002867.933967,1620002876.038019,1620002859.829915,0
1007,0,0,0,1,314.87125699723225,128,0.17502480156477968,17,53166,443,1620002877.8389194,1620002869.7348676,1620002877.8389194,1620002861.6308155,0
1005,0,0,0,1,455.1237974026176,64,0.1314327604707159,1,46727,502,1620002879.6398199,1620002871.535768,1620002879.6398199,1620002863.431716,0
1002,1,1,0,1,394.4228987768574,128,0.454062730501083,6,62645,80,1620002881.4407203,1620002873.3366683,1620002881.4407203,1620002865.2326164,0
1007,1,1,0,0,517.6824755403625,128,0.0318206777467013,6,13576,443,1620002883.2416208,1620002875.1375687,1620002883.2416208,1620002867.0335166,0
1008,1,1,0,1,701.6144055648308,255,0.20793575054063546,6,28418,80,1620002885.0425212,1620002876.9384694,1620002885.0425212,1620002868.834417,0
1000,0,1,1,1,514.2559211368549,64,0.1455098672561774,1,49845,502,1620002886.8434217,1620002878.7393696,1620002886.8434217,1620002870.6353176,0
1008,1,1,1,0,532.4709121632955,64,0.04496972191567075,1,33300,443,1620002888.6443222,1620002880.54027,1620002888.6443222,1620002872.436218,0
1005,0,1,0,0,288.5354794375801,128,0.13247272890813327,17,34654,22,1620002890.4452226,1620002882.3411708,1620002890.4452226,1620002874.2371185,0
1005,1,0,1,0,473.18808923697406,255,0.010989964238884454,1,5551,1883,1620002892.246123,1620002884.142071,1620002892.246123,1620002876.038019,0
1003,1,1,1,0,415.6491056781205,255,0.1557478880816388,17,13271,80,1620002894.0470235,1620002885.9429715,1620002894.0470235,1620002877.8389194,0
1000,1,1,0,1,636.328192728097,255,0.07599936484780961,17,18627,80,1620002895.847924,1620002887.743872,1620002895.847924,1620002879.6398199,0
1009,0,0,0,1,347.0866033594606,255,0.03457211177586495,6,37587,80,1620002897.6488245,1620002889.5447724,1620002897.6488245,1620002881.4407203,0
1007,0,1,1,1,327.8688814977533,128,0.10664664525334673,1,46588,80,1620002899.449725,1620002891.345673,1620002899.449725,1620002883.2416208,0
1001,1,1,0,1,563.4858394294697,255,0.10261613994226389,6,46526,502,1620002901.2506254,1620002893.1465733,1620002901.2506254,1620002885.0425212,0
1000,0,0,1,0,896.0206108745878,64,0.023507219391977977,6,1551,502,1620002903.0515258,1620002894.9474738,1620002903.0515258,1620002886.8434217,0
1001,1,0,0,1,464.81027520506734,64,0.003086899742840357,1,57545,502,1620002904.8524263,1620002896.7483745,1620002904.8524263,1620002888.6443222,0
1000,0,0,1,1,533.6416812460998,128,0.056849461540214356,1,3946,502,1620002906.6533267,1620002898.5492747,1620002906.6533267,1620002890.4452226,0
1000,0,1,1,0,689.6043696709571,255,0.08428355265616211,17,6873,443,1620002908.4542272,1620002900.3501751,1620002908.4542272,1620002892.246123,0
1008,0,0,1,1,601.9807797230545,255,0.20923669429038108,17,31324,502,1620002910.2551277,1620002902.1510756,1620002910.2551277,1620002894.0470235,0
1000,1,1,1,1,603.2958960764395,255,0.26341047529605793,17,28804,443,1620002912.0560281,1620002903.951976,1620002912.0560281,1620002895.847924,0
1003,0,1,0,1,480.961509616399,255,0.07524837208927654,17,51338,22,1620002913.8569283,1620002905.7528765,1620002913.8569283,1620002897.6488245,0
1009,0,1,0,1,484.85296344434784,128,0.14016252154884576,6,46748,502,1620002915.6578288,1620002907.553777,1620002915.6578288,1620002899.449725,0
1005,1,1,1,0,348.9702924546942,255,0.05785751120172077,6,29164,22,1620002917.4587293,1620002909.3546772,1620002917.4587293,1620002901.2506254,0
1006,1,0,1,0,597.2746508602766,128,0.1370744515359564,1,18254,502,1620002919.2596297,1620002911.155578,1620002919.2596297,1620002903.0515258,0
1001,1,0,0,0,592.7108859997286,255,0.022916354132165043,17,27717,22,1620002921.0605302,1620002912.956478,1620002921.0605302,1620002904.8524263,0
1005,1,1,0,0,643.4329055387606,255,0.04637269445947592,17,7983,1883,1620002922.8614306,1620002914.7573786,1620002922.8614306,1620002906.6533267,1
1006,0,0,1,0,402.3791058893309,64,0.10057450872714147,17,36878,22,1620002924.662331,1620002916.558279,1620002924.662331,1620002908.4542272,1
1009,0,1,1,1,666.0268798757211,128,0.0018324844674211622,6,43754,443,1620002926.4632316,1620002918.3591795,1620002926.4632316,1620002910.2551277,0
1009,0,1,1,1,726.6669576295874,64,0.12817949333120524,1,20691,80,1620002928.264132,1620002920.16008,1620002928.264132,1620002912.0560281,0
1001,0,1,1,0,257.20837634474793,128,0.1805060545248071,6,27425,22,1620002930.0650325,1620002921.9609804,1620002930.0650325,1620002913.8569283,0
1001,0,0,1,0,440.62548412851874,255,0.050939608120561676,1,49211,80,1620002931.865933,1620002923.7618809,1620002931.865933,1620002915.6578288,1
1009,1,1,0,0,735.0047163921677,255,0.05941029214376156,1,4347,1883,1620002933.6668334,1620002925.5627813,1620002933.6668334,1620002917.4587293,0
1006,0,1,1,1,370.0888600294229,128,0.19057048107234978,6,1469,1883,1620002935.4677339,1620002927.3636818,1620002935.4677339,1620002919.2596297,1
1000,0,0,0,0,605.752505436668,64,0.14945686079103546,6,18433,443,1620002937.2686343,1620002929.1645823,1620002937.2686343,1620002921.0605302,0
1007,0,0,0,1,501.71520040048625,128,0.03398873461216636,1,10987,443,1620002939.0695348,1620002930.9654827,1620002939.0695348,1620002922.8614306,0
1002,1,0,0,1,566.1758642847018,128,0.0391526858240637,6,51535,22,1620002940.8704352,1620002932.7663832,1620002940.8704352,1620002924.662331,0
1005,1,0,1,1,507.81126053844224,255,0.11359348894356709,6,58386,502,1620002942.6713357,1620002934.5672836,1620002942.6713357,1620002926.4632316,0
1008,0,1,0,1,649.2341969128543,64,0.08282754874551196,1,56289,1883,1620002944.4722362,1620002936.368184,1620002944.4722362,1620002928.264132,0
1005,1,0,0,0,295.6965728272244,128,0.017701116722067287,1,58928,80,1620002946.2731366,1620002938.1690845,1620002946.2731366,1620002930.0650325,0
1008,1,1,0,1,317.33535117554266,64,0.03709621057225198,17,16461,502,1620002948.074037,1620002939.969985,1620002948.074037,1620002931.865933,0
1006,1,0,0,1,792.9027100533714,64,0.23024178757621674,6,17879,1883,1620002949.8749375,1620002941.7708855,1620002949.8749375,1620002933.6668334,0
1008,1,0,1,0,920.0726559970636,128,0.11653113395814352,1,17435,22,1620002951.675838,1620002943.571786,1620002951.675838,1620002935.4677339,0
1001,1,0,1,1,498.91611227472754,64,0.4266865178882909,6,58927,1883,1620002953.4767385,1620002945.3726864,1620002953.4767385,1620002937.2686343,0
1007,1,0,0,1,843.0532084303419,255,0.1456770603603957,6,11871,443,1620002955.277639,1620002947.1735868,1620002955.277639,1620002939.0695348,0
1007,1,0,0,1,345.64507059729544,255,0.2846871540460048,1,4260,80,1620002957.0785394,1620002948.9744873,1620002957.0785394,1620002940.8704352,0
1001,0,0,1,0,393.6828233028086,255,0.024358681545921745,17,62921,80,1620002958.8794398,1620002950.7753878,1620002958.8794398,1620002942.6713357,0
1003,0,1,1,1,791.4975023490742,255,0.14761528774771862,1,59312,443,1620002960.68034,1620002952.5762882,1620002960.68034,1620002944.4722362,0
1006,1,0,1,1,660.8213057246717,64,0.0020424691288625325,1,54124,502,1620002962.4812405,1620002954.3771887,1620002962.4812405,1620002946.2731366,0
1003,0,0,0,0,821.2854195864517,255,0.11109683768220951,6,14511,443,1620002964.282141,1620002956.1780891,1620002964.282141,1620002948.074037,0
1003,0,0,1,0,593.711153811801,128,0.06335249963013531,17,12872,80,1620002966.0830414,1620002957.9789896,1620002966.0830414,1620002949.8749375,0
1005,1,0,0,1,297.490784697145,255,0.04258107928710665,1,63447,22,1620002967.883942,1620002959.77989,1620002967.883942,1620002951.675838,0
1009,0,1,0,1,544.7154715005354,128,0.19834359840201188,6,14179,502,1620002969.6848423,1620002961.5807903,1620002969.6848423,1620002953.4767385,0
1005,1,0,1,0,740.4005076936021,128,0.19259838515661315,1,12279,1883,1620002971.4857428,1620002963.381691,1620002971.4857428,1620002955.277639,0
1009,1,0,0,1,473.45295947076556,255,0.00225541482570821,6,56348,22,1620002973.2866433,1620002965.1825912,1620002973.2866433,1620002957.0785394,0
1002,1,0,1,0,442.71329629885616,255,0.0940340427456631,1,3003,502,1620002975.0875437,1620002966.9834917,1620002975.0875437,1620002958.8794398,0
1008,0,0,0,1,596.7706805928245,64,0.045860045221904566,17,61084,80,1620002976.8884442,1620002968.784392,1620002976.8884442,1620002960.68034,0
1009,0,1,1,0,388.098746890961,128,0.05372739876826537,1,22329,80,1620002978.6893446,1620002970.5852926,1620002978.6893446,1620002962.4812405,1
1001,0,0,0,1,559.1000966227001,255,0.17840338243354867,6,10031,22,1620002980.490245,1620002972.386193,1620002980.490245,1620002964.282141,0
1005,0,1,0,0,512.7002929342914,64,0.03708314931713252,1,36118,502,1620002982.2911456,1620002974.1870935,1620002982.2911456,1620002966.0830414,0
1006,1,0,1,0,401.9171078503159,255,0.2865560704980772,17,36122,1883,1620002984.092046,1620002975.9879937,1620002984.092046,1620002967.883942,0
1008,1,1,1,0,696.1474463734828,255,0.019800448519434178,17,25054,1883,1620002985.8929465,1620002977.7888942,1620002985.8929465,1620002969.6848423,0
1002,0,1,1,0,629.1975877901548,255,0.10868490181287407,17,34794,443,1620002987.693847,1620002979.5897949,1620002987.693847,1620002971.4857428,0
1009,1,0,1,0,429.26588314267474,128,0.11150620481748869,17,10758,22,1620002989.4947474,1620002981.390695,1620002989.4947474,1620002973.2866433,0
1002,1,0,0,1,497.0077470119853,255,0.0290613246050747,6,7472,502,1620002991.2956479,1620002983.1915958,1620002991.2956479,1620002975.0875437,0
1006,0,1,1,1,445.7448800304326,64,0.039267318814943664,1,40629,22,1620002993.0965483,1620002984.9924963,1620002993.0965483,1620002976.8884442,0
1003,1,1,1,0,372.2704721514095,255,0.18005892931181278,17,13420,1883,1620002994.8974488,1620002986.7933967,1620002994.8974488,1620002978.6893446,0
1007,0,0,0,1,160.34606551859284,255,0.14346666834082017,1,56643,502,1620002996.6983492,1620002988.5942972,1620002996.6983492,1620002980.490245,0
1006,1,1,1,1,403.23445112878557,64,0.03991290438966872,6,59597,80,1620002998.4992497,1620002990.3951974,1620002998.4992497,1620002982.2911456,0
1004,0,1,1,1,375.1945003368754,64,0.07634764022829724,1,28905,80,1620003000.3001502,1620002992.1960979,1620003000.3001502,1620002984.092046,0
1006,1,1,0,1,522.9781415670718,128,0.00636645524960831,1,64425,502,1620003002.1010506,1620002993.9969985,1620003002.1010506,1620002985.8929465,0
1002,1,0,1,1,588.1397603056491,128,0.023413610161770754,17,32201,22,1620003003.901951,1620002995.7978988,1620003003.901951,1620002987.693847,0
1001,0,1,1,1,339.563066039423,128,0.06651829671752499,17,41146,22,1620003005.7028515,1620002997.5987995,1620003005.7028515,1620002989.4947474,0
1005,0,1,1,0,574.6994723454011,128,0.008989597192249045,6,48043,80,1620003007.503752,1620002999.3997,1620003007.503752,1620002991.2956479,0
1001,0,1,1,1,308.750843426665,64,0.1853628627595033,1,36321,80,1620003009.3046522,1620003001.2006004,1620003009.3046522,1620002993.0965483,0
1002,0,0,1,1,474.94149687230896,255,0.12658702299448296,6,47001,1883,1620003011.1055527,1620003003.0015006,1620003011.1055527,1620002994.8974488,0
1005,1,0,1,1,379.51617986783333,255,0.2875883296065714,6,51606,502,1620003012.9064531,1620003004.802401,1620003012.9064531,1620002996.6983492,1
1004,1,1,0,0,649.2347276158088,255,0.11824295554184211,6,37704,22,1620003014.7073536,1620003006.6033015,1620003014.7073536,1620002998.4992497,0
1007,0,0,1,1,523.3546199989196,128,0.2820122729709217,17,18940,1883,1620003016.508254,1620003008.4042022,1620003016.508254,1620003000.3001502,0
1008,1,1,0,1,477.9664148336442,64,0.08085862158376012,17,52068,22,1620003018.3091545,1620003010.2051024,1620003018.3091545,1620003002.1010506,0
1002,0,0,0,1,374.95004797702296,64,0.09168374089297543,1,32263,80,1620003020.110055,1620003012.006003,1620003020.110055,1620003003.901951,0
1009,0,0,0,0,434.2317383246922,64,0.37710033597830295,1,45108,502,1620003021.9109554,1620003013.8069034,1620003021.9109554,1620003005.7028515,0
1002,1,1,0,1,865.8121624652102,255,0.10275831030966176,1,35213,443,1620003023.711856,1620003015.6078038,1620003023.711856,1620003007.503752,0
1002,1,0,1,0,399.7831758554908,128,0.0031270432171225182,17,14534,502,1620003025.5127563,1620003017.4087043,1620003025.5127563,1620003009.3046522,0
1005,0,0,1,1,595.8813835192967,64,0.12866400910282347,17,25990,443,1620003027.3136568,1620003019.2096047,1620003027.3136568,1620003011.1055527,0
1000,0,0,1,0,477.47073662246225,128,0.23588241992170433,6,23176,1883,1620003029.1145573,1620003021.0105052,1620003029.1145573,1620003012.9064531,0
1006,0,1,0,0,590.1650629148075,64,0.15875798000481342,17,20226,443,1620003030.9154577,1620003022.8114057,1620003030.9154577,1620003014.7073536,0
1000,1,0,1,0,667.3951745386478,128,0.0876669312056395,6,27469,443,1620003032.7163582,1620003024.612306,1620003032.7163582,1620003016.508254,0
1004,1,0,1,1,429.2043013357847,64,0.11126204862106254,6,12176,1883,1620003034.5172586,1620003026.4132066,1620003034.5172586,1620003018.3091545,0
1009,1,1,1,0,641.9546852890246,128,0.46245354126284033,17,6641,502,1620003036.318159,1620003028.214107,1620003036.318159,1620003020.110055,0
1007,1,0,0,0,1051.3278954011678,64,0.00950385140690747,6,2219,1883,1620003038.1190596,1620003030.0150075,1620003038.1190596,1620003021.9109554,0
1003,0,0,0,0,613.507998838341,64,0.11003482805301286,6,40021,80,1620003039.91996,1620003031.815908,1620003039.91996,1620003023.711856,0
1004,0,0,1,0,822.7162929199592,128,0.03332342569389452,1,60973,80,1620003041.7208605,1620003033.6168084,1620003041.7208605,1620003025.5127563,0
1003,0,0,0,1,596.2092000213228,128,0.1021902380691524,6,26457,443,1620003043.521761,1620003035.4177089,1620003043.521761,1620003027.3136568,0
1003,0,0,0,1,313.60767556049876,255,0.09355336343495466,17,6329,1883,1620003045.3226614,1620003037.2186093,1620003045.3226614,1620003029.1145573,0
1007,0,1,1,1,555.1387994505967,128,0.01665940829716333,17,61595,1883,1620003047.1235619,1620003039.0195098,1620003047.1235619,1620003030.9154577,0
1001,0,1,0,1,433.92324075801383,64,0.023161262002507968,6,59884,1883,1620003048.9244623,1620003040.8204103,1620003048.9244623,1620003032.7163582,0
1000,1,0,0,0,380.81186053648526,64,0.09718816109356865,1,9101,502,1620003050.7253628,1620003042.6213107,1620003050.7253628,1620003034.5172586,0
1002,1,0,1,1,485.48295791954286,128,0.01372295908848276,17,49672,22,1620003052.5262632,1620003044.4222112,1620003052.5262632,1620003036.318159,0
1008,0,0,0,0,469.0499842542496,255,0.030813089866675577,17,64114,22,1620003054.3271637,1620003046.2231116,1620003054.3271637,1620003038.1190596,0
1003,0,1,0,1,288.0150188414278,128,0.1803299081612638,1,32409,22,1620003056.128064,1620003048.024012,1620003056.128064,1620003039.91996,0
1009,1,1,0,1,1041.6923169439585,64,0.03961459258947869,6,43137,502,1620003057.9289644,1620003049.8249125,1620003057.9289644,1620003041.7208605,1
1004,1,0,0,1,661.5741828944393,64,0.06695481535596243,17,51018,1883,1620003059.7298648,1620003051.625813,1620003059.7298648,1620003043.521761,0
1001,1,0,0,0,548.878049168423,255,0.2832599230142057,6,38992,22,1620003061.5307653,1620003053.4267135,1620003061.5307653,1620003045.3226614,0
1003,1,1,0,1,517.9760222501945,128,0.025766911941956468,6,56097,1883,1620003063.3316658,1620003055.227614,1620003063.3316658,1620003047.1235619,0
1001,0,0,0,1,740.4697239243792,64,0.049368342337706185,6,43666,443,1620003065.1325662,1620003057.0285144,1620003065.1325662,1620003048.9244623,0
1001,0,1,0,1,915.1140724618986,64,0.09325669120365672,6,34086,22,1620003066.9334667,1620003058.8294148,1620003066.9334667,1620003050.7253628,0
1003,0,1,1,0,637.0170744025149,64,0.14078814119293528,17,7121,443,1620003068.7343671,1620003060.630315,1620003068.7343671,1620003052.5262632,0
1005,0,0,1,1,524.2385409568642,128,0.23192571700496384,1,40204,502,1620003070.5352676,1620003062.4312155,1620003070.5352676,1620003054.3271637,0
1006,0,1,1,1,794.5288143955233,128,0.24706841220175435,17,42628,80,1620003072.336168,1620003064.2321162,1620003072.336168,1620003056.128064,0
1009,1,0,1,0,528.4718485871722,255,0.14989707923801718,1,45617,502,1620003074.1370685,1620003066.0330164,1620003074.1370685,1620003057.9289644,0
1002,0,0,0,0,587.0629619250203,64,0.025919936561891822,6,7702,502,1620003075.937969,1620003067.833917,1620003075.937969,1620003059.7298648,0
1002,1,0,1,1,700.2021840063675,64,0.0025122268172743253,1,33145,502,1620003077.7388694,1620003069.6348174,1620003077.7388694,1620003061.5307653,0
1009,0,0,1,1,422.704172425148,255,0.04841413865993066,6,49527,22,1620003079.53977,1620003071.4357178,1620003079.53977,1620003063.3316658,0
1005,0,0,0,1,84.83312051882051,64,0.01526255029867771,17,60503,443,1620003081.3406703,1620003073.2366185,1620003081.3406703,1620003065.1325662,0
1002,0,0,0,0,412.9839549339962,255,0.12392119655069463,17,22428,22,1620003083.1415708,1620003075.0375187,1620003083.1415708,1620003066.9334667,0
1001,0,1,0,0,654.6001858758772,255,0.10821404576901111,1,6767,80,1620003084.9424713,1620003076.8384192,1620003084.9424713,1620003068.7343671,0
1007,0,1,0,0,640.5101795436357,64,0.0044967702794806875,6,17518,502,1620003086.7433717,1620003078.63932,1620003086.7433717,1620003070.5352676,0
1004,1,1,0,1,768.5340218825204,128,0.18115160258669247,6,42567,1883,1620003088.5442722,1620003080.44022,1620003088.5442722,1620003072.336168,0
1000,1,1,1,0,420.63379322609757,128,0.028600782983336577,1,45209,80,1620003090.3451726,1620003082.2411206,1620003090.3451726,1620003074.1370685,0
1002,1,0,0,1,816.1850485893527,128,0.05660337209887204,6,10702,443,1620003092.146073,1620003084.042021,1620003092.146073,1620003075.937969,0
1009,0,1,1,0,537.0135660903921,128,0.1102420737980706,6,38656,80,1620003093.9469736,1620003085.8429215,1620003093.9469736,1620003077.7388694,0
1007,0,1,1,0,620.882632512736,64,0.05610997654770736,6,47259,22,1620003095.747874,1620003087.6438222,1620003095.747874,1620003079.53977,0
1003,1,1,0,0,680.7225516588612,255,0.05821207913609259,17,2672,1883,1620003097.5487745,1620003089.4447224,1620003097.5487745,1620003081.3406703,0
1006,0,0,1,1,223.6668746212605,255,0.006788062811871548,17,16701,22,1620003099.349675,1620003091.2456229,1620003099.349675,1620003083.1415708,0
1009,0,1,1,1,299.020561474615,64,0.05132344380644162,17,49710,502,1620003101.1505754,1620003093.0465236,1620003101.1505754,1620003084.9424713,0
1001,1,0,0,1,292.38189658655085,128,0.14475227113285713,6,23789,502,1620003102.9514756,1620003094.8474238,1620003102.9514756,1620003086.7433717,0
1006,0,1,1,1,714.4434369697639,255,0.24671807324985526,17,3405,80,1620003104.752376,1620003096.6483243,1620003104.752376,1620003088.5442722,0
1004,1,0,1,0,438.9086776521543,64,0.053357772950814536,6,17513,502,1620003106.5532765,1620003098.4492247,1620003106.5532765,1620003090.3451726,0
1004,0,0,1,1,905.5163946649436,64,0.05509288261220853,6,12769,502,1620003108.354177,1620003100.2501252,1620003108.354177,1620003092.146073,0
1005,1,1,0,0,500.67519497845177,128,0.1212768393439677,1,6842,443,1620003110.1550775,1620003102.0510256,1620003110.1550775,1620003093.9469736,0
1008,0,0,0,1,205.72523038369974,64,0.2860712009191613,6,43678,443,1620003111.955978,1620003103.851926,1620003111.955978,1620003095.747874,0
1005,0,0,0,1,365.5164978589632,255,0.031069271866810355,17,60101,22,1620003113.7568784,1620003105.6528263,1620003113.7568784,1620003097.5487745,0
1007,1,1,1,0,523.4752726438655,255,0.05800760400896539,17,34173,22,1620003115.5577788,1620003107.4537268,1620003115.5577788,1620003099.349675,0
1006,0,1,0,0,603.0379728386959,64,0.15895041346811706,6,28336,443,1620003117.3586793,1620003109.2546272,1620003117.3586793,1620003101.1505754,0
1008,0,1,1,1,303.03245438352525,255,0.0940823128820712,17,38148,80,1620003119.1595798,1620003111.0555277,1620003119.1595798,1620003102.9514756,0
1003,1,0,0,1,613.6961543612542,64,0.011719284681153658,6,39710,443,1620003120.9604802,1620003112.8564281,1620003120.9604802,1620003104.752376,0
1001,0,0,1,0,667.1085514091913,255,0.09881432298830387,1,2340,22,1620003122.7613807,1620003114.6573286,1620003122.7613807,1620003106.5532765,0
1006,1,0,0,0,371.81048008893396,128,0.020671214505297866,6,6478,1883,1620003124.5622811,1620003116.458229,1620003124.5622811,1620003108.354177,0
1005,0,1,0,0,893.8314424118295,255,0.07137906667988839,6,61070,502,1620003126.3631816,1620003118.2591295,1620003126.3631816,1620003110.1550775,0
1000,0,0,1,0,393.46819532988866,128,0.07531164609379287,1,14131,1883,1620003128.164082,1620003120.06003,1620003128.164082,1620003111.955978,0
1008,0,0,0,0,300.02438515689136,128,0.20891150776221276,17,5098,1883,1620003129.9649825,1620003121.8609304,1620003129.9649825,1620003113.7568784,0
1008,0,0,1,1,194.15549705469184,64,0.0620815866036947,1,22212,502,1620003131.765883,1620003123.661831,1620003131.765883,1620003115.5577788,0
1001,1,0,0,1,744.1281397384325,128,0.03277299531142403,1,48603,443,1620003133.5667834,1620003125.4627314,1620003133.5667834,1620003117.3586793,0
1002,0,0,0,1,504.57657546918057,255,0.026262054998666035,6,32992,80,1620003135.367684,1620003127.2636318,1620003135.367684,1620003119.1595798,0
1004,1,0,1,1,404.14280210712207,255,0.2073474394044754,6,51082,1883,1620003137.1685843,1620003129.0645323,1620003137.1685843,1620003120.9604802,0
1004,0,0,1,0,205.17231291363456,128,0.018754821732005024,1,65066,80,1620003138.9694848,1620003130.8654327,1620003138.9694848,1620003122.7613807,0
1000,0,1,1,0,422.1498152866073,64,0.05548969208678626,17,41413,22,1620003140.7703853,1620003132.6663332,1620003140.7703853,1620003124.5622811,0
1007,0,1,0,0,976.2890775352223,128,0.020723712559736034,1,50838,1883,1620003142.5712857,1620003134.4672337,1620003142.5712857,1620003126.3631816,0
1007,0,1,1,1,71.10249924777649,255,0.148414554304067,17,63783,22,1620003144.3721862,1620003136.268134,1620003144.3721862,1620003128.164082,0
1003,1,0,0,0,373.66831979349,255,0.06431627583237325,1,24126,443,1620003146.1730866,1620003138.0690346,1620003146.1730866,1620003129.9649825,0
1006,1,0,1,0,858.5567940084421,128,0.04325439898064316,1,65153,1883,1620003147.973987,1620003139.869935,1620003147.973987,1620003131.765883,0
1009,1,1,1,1,749.7946094139046,128,0.044800676888607595,17,49918,22,1620003149.7748876,1620003141.6708355,1620003149.7748876,1620003133.5667834,0
1002,1,0,1,1,385.8748663437437,128,0.19119913963530646,1,42446,22,1620003151.5757878,1620003143.471736,1620003151.5757878,1620003135.367684,0
1005,0,1,1,1,540.7190193870612,255,0.08069296264202401,6,61270,443,1620003153.3766882,1620003145.2726364,1620003153.3766882,1620003137.1685843,0
1009,1,0,1,0,592.5874809388819,255,0.12653797047991064,1,32981,80,1620003155.1775887,1620003147.0735366,1620003155.1775887,1620003138.9694848,0
1009,1,0,1,0,526.7677163614535,255,0.22734003048684648,6,13896,80,1620003156.9784892,1620003148.8744373,1620003156.9784892,1620003140.7703853,0
1008,0,1,0,1,856.8900419218352,64,0.2320155309588841,17,51118,1883,1620003158.7793896,1620003150.6753376,1620003158.7793896,1620003142.5712857,0
1000,0,1,1,1,567.9508410915906,255,0.03982547468593614,17,48743,443,1620003160.58029,1620003152.476238,1620003160.58029,1620003144.3721862,0
1004,0,1,0,0,727.1032581926075,255,0.3046000054936333,6,9373,1883,1620003162.3811905,1620003154.2771385,1620003162.3811905,1620003146.1730866,0
1003,0,1,1,1,536.3197538191231,64,0.0025190515588470095,1,56591,80,1620003164.182091,1620003156.078039,1620003164.182091,1620003147.973987,0
1007,1,1,1,0,93.52223745470694,64,0.04729448480180167,6,64314,443,1620003165.9829915,1620003157.8789394,1620003165.9829915,1620003149.7748876,0
1000,1,0,1,1,261.5174493287033,64,0.22614321853164687,6,20717,502,1620003167.783892,1620003159.6798398,1620003167.783892,1620003151.5757878,0
1008,0,0,0,1,303.024430138795,64,0.03210828940888243,17,51502,443,1620003169.5847924,1620003161.48074,1620003169.5847924,1620003153.3766882,0
1005,0,0,0,1,450.1428285447988,64,0.03189408439305319,6,33651,443,1620003171.3856928,1620003163.2816405,1620003171.3856928,1620003155.1775887,0
1003,0,1,1,0,915.6828478028782,64,0.036042809977062766,1,44701,502,1620003173.1865933,1620003165.0825412,1620003173.1865933,1620003156.9784892,0
1008,1,1,0,0,572.4822925750902,128,0.09475579586229604,6,61036,22,1620003174.9874938,1620003166.8834417,1620003174.9874938,1620003158.7793896,0
1004,1,1,1,1,478.84237958704693,128,0.05768457318928008,17,11784,22,1620003176.7883942,1620003168.6843421,1620003176.7883942,1620003160.58029,0
1004,0,1,1,0,747.7115992311295,128,0.12973126597903392,1,12608,22,1620003178.5892947,1620003170.4852426,1620003178.5892947,1620003162.3811905,0
1004,0,1,0,1,209.62326489965034,128,0.22529442675458752,17,3130,80,1620003180.3901951,1620003172.286143,1620003180.3901951,1620003164.182091,0
1000,1,1,0,1,402.06096597035224,255,0.11214696642858323,6,14693,443,1620003182.1910956,1620003174.0870435,1620003182.1910956,1620003165.9829915,0
1000,0,0,0,0,372.53426921199184,64,0.02287425970040285,6,54975,502,1620003183.991996,1620003175.8879437,1620003183.991996,1620003167.783892,0
1007,0,0,0,0,579.6083118936276,255,0.2698326168533293,17,26247,80,1620003185.7928965,1620003177.6888442,1620003185.7928965,1620003169.5847924,0
1007,1,0,1,0,679.1672584707934,64,0.030719504945322846,17,61690,502,1620003187.593797,1620003179.489745,1620003187.593797,1620003171.3856928,0
1005,0,0,0,0,594.2971104054459,64,0.016239457879218336,1,36730,80,1620003189.3946974,1620003181.2906454,1620003189.3946974,1620003173.1865933,0
1003,1,0,0,1,597.4632966437823,255,0.009427472282204204,17,3507,80,1620003191.195598,1620003183.0915458,1620003191.195598,1620003174.9874938,1
1001,0,1,1,0,427.77817615641084,128,0.08287005947584453,17,62609,80,1620003192.9964983,1620003184.8924463,1620003192.9964983,1620003176.7883942,0
1001,0,1,0,0,564.151971623228,255,0.0120770263272078,6,28506,502,1620003194.7973988,1620003186.6933467,1620003194.7973988,1620003178.5892947,0
1008,1,1,0,1,332.03242584392194,255,0.014940051122797055,6,61393,1883,1620003196.5982993,1620003188.4942472,1620003196.5982993,1620003180.3901951,0
1004,1,1,0,1,634.82778700156,64,0.03567184885946395,17,35167,80,1620003198.3991995,1620003190.2951474,1620003198.3991995,1620003182.1910956,0
1003,0,1,0,1,399.87939906733584,64,0.03308025532529356,17,25264,22,1620003200.2001,1620003192.0960479,1620003200.2001,1620003183.991996,1
1009,1,1,1,1,275.6980879399252,64,0.09269460747785856,6,11039,443,1620003202.0010004,1620003193.8969486,1620003202.0010004,1620003185.7928965,0
1000,0,0,1,0,507.56388716641703,128,0.16968781785072232,1,17652,1883,1620003203.8019009,1620003195.697849,1620003203.8019009,1620003187.593797,0
1006,0,1,0,0,117.37676713106238,255,0.1432755794939995,1,64047,1883,1620003205.6028013,1620003197.4987493,1620003205.6028013,1620003189.3946974,0
1002,1,1,0,1,794.8740143992014,255,0.030446811263976747,1,52524,502,1620003207.4037018,1620003199.2996497,1620003207.4037018,1620003191.195598,0
1005,0,1,1,1,659.4197993823398,128,0.028144886993246295,1,64949,1883,1620003209.2046022,1620003201.1005502,1620003209.2046022,1620003192.9964983,0
1004,0,1,0,0,567.3939700495605,255,0.33752820078846757,6,26467,502,1620003211.0055027,1620003202.9014506,1620003211.0055027,1620003194.7973988,0
1004,1,0,0,0,175.2630509210499,255,0.0008270346824797074,17,31843,502,1620003212.8064032,1620003204.702351,1620003212.8064032,1620003196.5982993,0
1004,1,0,0,0,359.96196338531706,64,0.21179373526991638,1,16084,22,1620003214.6073036,1620003206.5032516,1620003214.6073036,1620003198.3991995,0
1000,0,1,0,0,508.1116869743704,128,0.022280425778377633,6,28461,80,1620003216.408204,1620003208.304152,1620003216.408204,1620003200.2001,0
1000,1,0,0,0,447.37904579495853,64,0.29428423930941494,17,50655,1883,1620003218.2091045,1620003210.1050525,1620003218.2091045,1620003202.0010004,0
1002,1,0,0,1,162.28700691050548,128,0.041901745495256354,1,11678,80,1620003220.010005,1620003211.905953,1620003220.010005,1620003203.8019009,0
1009,1,1,0,1,236.71419889277178,64,0.05804468602994356,17,64676,80,1620003221.8109055,1620003213.7068534,1620003221.8109055,1620003205.6028013,0
1003,1,1,0,1,443.38112061728435,255,0.12279944064041924,1,52111,80,1620003223.611806,1620003215.5077538,1620003223.611806,1620003207.4037018,0
1004,0,1,0,1,243.34212028323356,128,0.08859289789606453,17,15277,502,1620003225.4127064,1620003217.3086543,1620003225.4127064,1620003209.2046022,0
1001,0,1,1,0,774.2774647766524,128,0.038263666572116536,1,55933,80,1620003227.2136068,1620003219.1095548,1620003227.2136068,1620003211.0055027,0
1007,0,1,1,1,598.9076718811665,64,0.08070572864030397,1,12589,1883,1620003229.0145073,1620003220.9104552,1620003229.0145073,1620003212.8064032,0
1001,1,0,1,0,339.3071781521938,128,0.1311954843408488,17,28621,502,1620003230.8154078,1620003222.7113557,1620003230.8154078,1620003214.6073036,0
1008,1,1,0,0,733.8309656031427,255,0.004325719252461166,17,28792,1883,1620003232.6163082,1620003224.5122561,1620003232.6163082,1620003216.408204,0
1001,1,1,0,0,693.5413177347378,255,0.0011262489665389717,17,1111,502,1620003234.4172087,1620003226.3131566,1620003234.4172087,1620003218.2091045,0
1008,1,1,1,0,557.7916712773839,255,0.06126127889942389,6,10456,443,1620003236.2181091,1620003228.114057,1620003236.2181091,1620003220.010005,0
1006,1,0,0,0,492.08275330720915,64,0.014137535369755242,6,9788,443,1620003238.0190096,1620003229.9149575,1620003238.0190096,1620003221.8109055,0
1007,1,1,1,0,440.3052383540321,128,0.10916693213376046,17,59181,443,1620003239.81991,1620003231.715858,1620003239.81991,1620003223.611806,1
1001,1,1,0,0,392.01225844366866,64,0.024086522698286594,6,1202,443,1620003241.6208105,1620003233.5167584,1620003241.6208105,1620003225.4127064,0
1006,0,1,1,1,232.64161615842926,255,0.056713341148330244,1,27325,502,1620003243.421711,1620003235.317659,1620003243.421711,1620003227.2136068,0
1005,0,0,1,0,805.6657510196,128,0.022023645211765155,17,50338,80,1620003245.2226112,1620003237.1185594,1620003245.2226112,1620003229.0145073,0
1003,1,1,1,1,395.89735624575667,255,0.07951435518559646,6,36432,22,1620003247.0235116,1620003238.9194598,1620003247.0235116,1620003230.8154078,0
1006,1,1,0,1,505.6401219424666,128,0.012335869259007804,17,42989,22,1620003248.824412,1620003240.7203603,1620003248.824412,1620003232.6163082,1
1003,1,1,1,0,317.9504287398762,128,0.0023378001177898748,1,32937,443,1620003250.6253126,1620003242.5212607,1620003250.6253126,1620003234.4172087,0
1001,0,0,0,0,448.109896678134,64,0.005248520243486792,1,19756,80,1620003252.426213,1620003244.3221612,1620003252.426213,1620003236.2181091,0
1009,0,1,0,1,1070.1554847739485,128,0.30847480182812537,6,3445,1883,1620003254.2271135,1620003246.1230617,1620003254.2271135,1620003238.0190096,0
1006,1,1,0,1,354.8004192509546,255,0.015348482327170416,1,44739,80,1620003256.028014,1620003247.9239619,1620003256.028014,1620003239.81991,0
1007,1,1,0,1,789.7191549083103,128,0.12326406726701107,17,54474,1883,1620003257.8289144,1620003249.7248623,1620003257.8289144,1620003241.6208105,0
1001,0,0,0,1,494.43889656922016,255,0.007034328741269129,6,21550,22,1620003259.6298149,1620003251.525763,1620003259.6298149,1620003243.421711,0
1004,0,1,0,0,635.9876926989291,64,0.011446892964196653,17,62926,80,1620003261.4307153,1620003253.3266633,1620003261.4307153,1620003245.2226112,0
1000,0,1,0,0,748.9160510792503,255,0.0711059149153254,17,29341,80,1620003263.2316158,1620003255.1275637,1620003263.2316158,1620003247.0235116,0
1006,0,1,1,0,554.4534768811995,128,0.06252473091347704,17,54679,22,1620003265.0325162,1620003256.9284642,1620003265.0325162,1620003248.824412,0
1007,1,0,1,1,429.658568723942,255,0.3027848718237578,1,2241,80,1620003266.8334167,1620003258.7293646,1620003266.8334167,1620003250.6253126,0
1005,0,0,1,0,462.78180434351214,255,0.28974347969079534,17,36266,1883,1620003268.6343172,1620003260.530265,1620003268.6343172,1620003252.426213,0
1004,0,1,0,1,469.51430367073243,128,0.15123504154598183,1,1953,80,1620003270.4352176,1620003262.3311656,1620003270.4352176,1620003254.2271135,0
1005,1,0,0,0,872.8741113830824,255,0.09215591610254004,17,41750,1883,1620003272.236118,1620003264.132066,1620003272.236118,1620003256.028014,0
1001,0,0,0,1,203.17484456792187,128,0.06068966748466514,1,58684,443,1620003274.0370185,1620003265.9329667,1620003274.0370185,1620003257.8289144,0
1000,0,0,0,0,145.85460844144143,64,0.04403338185303973,1,35294,80,1620003275.837919,1620003267.733867,1620003275.837919,1620003259.6298149,0
1006,0,1,1,0,159.18941656044652,255,0.2939116560932426,1,34212,1883,1620003277.6388195,1620003269.5347674,1620003277.6388195,1620003261.4307153,0
1006,1,1,0,1,321.2137132855154,64,0.0923589330526239,17,14604,22,1620003279.43972,1620003271.3356678,1620003279.43972,1620003263.2316158,0
1009,0,0,1,1,640.0166154396725,255,0.08652947349293472,17,49632,443,1620003281.2406204,1620003273.1365683,1620003281.2406204,1620003265.0325162,0
1009,1,0,0,1,652.2838584808395,255,0.026383680642501284,1,39622,80,1620003283.0415208,1620003274.9374688,1620003283.0415208,1620003266.8334167,0
1001,1,0,1,1,378.49947171865847,64,0.0047823340473489425,17,31455,1883,1620003284.8424213,1620003276.7383692,1620003284.8424213,1620003268.6343172,0
1001,0,1,0,1,494.30169446803205,255,0.2903856708191669,1,21766,80,1620003286.6433218,1620003278.5392697,1620003286.6433218,1620003270.4352176,0
1000,0,1,1,0,276.74027298243305,255,0.03764918056527167,17,18857,1883,1620003288.4442222,1620003280.3401704,1620003288.4442222,1620003272.236118,0
1009,0,0,0,1,295.28954251872636,64,0.05844524714917653,1,31909,80,1620003290.2451227,1620003282.1410706,1620003290.2451227,1620003274.0370185,0
1007,0,0,1,0,615.973367802309,255,0.012176087330656478,1,6835,443,1620003292.0460231,1620003283.941971,1620003292.0460231,1620003275.837919,0
1007,1,0,0,0,709.5368122216794,128,0.1813540952213169,6,9643,443,1620003293.8469234,1620003285.7428715,1620003293.8469234,1620003277.6388195,0
1000,0,0,1,0,404.63623511397145,255,0.00280207734560349,17,25279,80,1620003295.6478238,1620003287.543772,1620003295.6478238,1620003279.43972,0
1007,0,1,1,0,827.0030241661607,255,0.17957118421685553,17,25996,80,1620003297.4487243,1620003289.3446724,1620003297.4487243,1620003281.2406204,0
1008,0,0,0,0,693.1210697572219,255,0.01511543548816524,6,14551,502,1620003299.2496247,1620003291.145573,1620003299.2496247,1620003283.0415208,0
1003,1,1,1,1,818.3451704511102,64,0.21765174706562107,1,59163,80,1620003301.0505252,1620003292.9464734,1620003301.0505252,1620003284.8424213,0
1000,0,0,0,1,439.81238618101634,128,0.1308491590397369,1,50015,80,1620003302.8514256,1620003294.7473738,1620003302.8514256,1620003286.6433218,0
1000,0,0,0,0,804.1372491265291,128,0.01799287368810383,6,33898,443,1620003304.652326,1620003296.5482743,1620003304.652326,1620003288.4442222,0
1002,1,0,0,0,935.9085279951552,255,0.08342914615017466,6,5073,80,1620003306.4532266,1620003298.3491745,1620003306.4532266,1620003290.2451227,0
1004,1,0,1,1,417.49649332879613,64,0.03749208416279191,1,42081,22,1620003308.254127,1620003300.1500752,1620003308.254127,1620003292.0460231,0
1004,0,0,1,1,469.16619232638277,64,0.01962984994592686,17,2927,80,1620003310.0550275,1620003301.9509754,1620003310.0550275,1620003293.8469234,0
1008,0,1,0,0,310.45629951872024,128,0.19602884186121017,6,57825,502,1620003311.855928,1620003303.7518759,1620003311.855928,1620003295.6478238,0
1009,0,0,0,1,271.15698076783445,64,0.05167142049910281,6,53746,1883,1620003313.6568284,1620003305.5527763,1620003313.6568284,1620003297.4487243,0
1001,0,0,1,1,273.48973174674103,255,0.050840142179507275,6,45285,443,1620003315.4577289,1620003307.3536768,1620003315.4577289,1620003299.2496247,0
1001,0,0,1,1,337.7067736425415,255,0.018619305113417004,6,6400,22,1620003317.2586293,1620003309.1545773,1620003317.2586293,1620003301.0505252,0
1005,1,1,1,0,554.9475957971142,64,0.048299270496564184,6,1066,1883,1620003319.0595298,1620003310.9554777,1620003319.0595298,1620003302.8514256,0
1008,1,1,0,1,346.1600921157297,255,0.2052736098272089,6,23793,22,1620003320.8604302,1620003312.7563782,1620003320.8604302,1620003304.652326,0
1000,0,1,0,0,548.8325109173736,128,0.04511877011098697,1,2601,443,1620003322.6613307,1620003314.5572786,1620003322.6613307,1620003306.4532266,0
1008,0,1,0,0,552.9690302389905,255,0.3028329073336081,1,13406,502,1620003324.4622312,1620003316.358179,1620003324.4622312,1620003308.254127,0
1008,1,0,0,0,405.9751212251242,64,0.29245080120271133,6,23473,443,1620003326.2631316,1620003318.1590796,1620003326.2631316,1620003310.0550275,0
1008,0,0,0,0,487.472579086139,128,0.015653528994325053,1,39677,22,1620003328.064032,1620003319.95998,1620003328.064032,1620003311.855928,1
1004,0,0,1,0,394.41752146273745,255,0.019517734366906445,17,29883,22,1620003329.8649325,1620003321.7608805,1620003329.8649325,1620003313.6568284,0
1008,0,1,0,1,437.8520453447096,128,0.19853981299375856,17,9600,443,1620003331.665833,1620003323.561781,1620003331.665833,1620003315.4577289,0
1003,0,0,1,0,338.2274051071571,64,0.049883269219970966,6,46898,80,1620003333.4667335,1620003325.3626814,1620003333.4667335,1620003317.2586293,0
1001,0,0,1,0,516.8209379565633,255,0.0004383576129278681,17,12687,443,1620003335.267634,1620003327.1635818,1620003335.267634,1620003319.0595298,0
1005,1,1,0,0,379.8908269080334,255,0.03200287228620182,17,37369,502,1620003337.0685344,1620003328.9644823,1620003337.0685344,1620003320.8604302,0
1003,0,1,1,1,266.7868248124409,128,0.09103807134771741,1,53414,443,1620003338.8694348,1620003330.7653828,1620003338.8694348,1620003322.6613307,1
1005,0,1,0,1,618.6857777697074,255,0.16057744608745714,1,49934,1883,1620003340.670335,1620003332.566283,1620003340.670335,1620003324.4622312,0
1002,0,0,1,1,625.4582402570927,255,0.01431646346290362,1,6268,80,1620003342.4712355,1620003334.3671837,1620003342.4712355,1620003326.2631316,0
1005,1,0,0,1,722.3397071288214,255,0.011714227595556128,1,60064,1883,1620003344.272136,1620003336.168084,1620003344.272136,1620003328.064032,0
1001,1,1,0,1,295.1205250791643,255,0.2552235024676878,17,35926,443,1620003346.0730364,1620003337.9689844,1620003346.0730364,1620003329.8649325,0
1001,1,0,1,1,403.81453865780264,64,0.13908984148185635,6,4916,80,1620003347.873937,1620003339.7698848,1620003347.873937,1620003331.665833,0
1008,1,1,0,1,546.0990810179446,255,0.08910607046390487,1,28136,1883,1620003349.6748374,1620003341.5707853,1620003349.6748374,1620003333.4667335,0
1006,0,1,1,0,399.5920246375479,128,0.14661465102665447,17,5345,1883,1620003351.4757378,1620003343.3716857,1620003351.4757378,1620003335.267634,0
1002,1,0,0,0,614.1823967615643,64,0.05601110428405072,1,6800,80,1620003353.2766383,1620003345.1725862,1620003353.2766383,1620003337.0685344,0
1000,0,1,0,1,599.5865774967872,128,0.14207025817200855,17,44376,80,1620003355.0775387,1620003346.9734867,1620003355.0775387,1620003338.8694348,0
1007,0,1,0,0,595.8590712382132,128,0.04649014535484879,1,17143,22,1620003356.8784392,1620003348.7743871,1620003356.8784392,1620003340.670335,0
1005,1,1,1,0,791.9334466608528,128,0.02798390065174331,6,31593,80,1620003358.6793396,1620003350.5752873,1620003358.6793396,1620003342.4712355,0
1006,1,0,1,1,628.8154148916899,64,0.13056859843951477,1,62981,443,1620003360.48024,1620003352.3761878,1620003360.48024,1620003344.272136,0
1008,1,1,0,0,530.7782222962852,64,0.05441623214797613,6,39620,502,1620003362.2811406,1620003354.1770885,1620003362.2811406,1620003346.0730364,0
1004,1,1,1,0,461.29290268069263,64,0.39833635050564525,1,53991,22,1620003364.082041,1620003355.977989,1620003364.082041,1620003347.873937,0
1000,1,1,0,1,475.22717836463676,255,0.04299912023621889,1,34087,80,1620003365.8829415,1620003357.7788894,1620003365.8829415,1620003349.6748374,0
1009,0,1,1,0,287.1579692319853,128,0.25475579356724753,1,34205,502,1620003367.683842,1620003359.5797899,1620003367.683842,1620003351.4757378,0
1006,1,1,1,1,146.85796260999578,64,0.2702503839149649,17,23364,22,1620003369.4847424,1620003361.3806903,1620003369.4847424,1620003353.2766383,0
1004,1,1,0,1,592.7512255462127,128,0.027687791092172717,17,11211,443,1620003371.2856429,1620003363.1815908,1620003371.2856429,1620003355.0775387,1
1002,1,1,0,0,744.7265875126132,64,0.16005831398422893,6,56454,502,1620003373.0865433,1620003364.982491,1620003373.0865433,1620003356.8784392,0
1008,0,0,0,0,433.9770153394527,64,0.05675273862598001,6,48108,80,1620003374.8874438,1620003366.7833915,1620003374.8874438,1620003358.6793396,0
1000,1,0,0,0,817.4188318065195,64,0.24952567545719373,17,7692,80,1620003376.6883442,1620003368.5842922,1620003376.6883442,1620003360.48024,0
1000,0,1,0,1,464.69751338370594,128,0.05980629765321119,6,16368,443,1620003378.4892447,1620003370.3851926,1620003378.4892447,1620003362.2811406,0
1000,1,0,1,1,109.2456037773982,255,0.13637649346763434,6,9219,22,1620003380.2901452,1620003372.186093,1620003380.2901452,1620003364.082041,0
1002,1,0,1,1,683.6498507459206,64,0.06291727106514848,17,17585,502,1620003382.0910456,1620003373.9869936,1620003382.0910456,1620003365.8829415,0
1005,0,1,0,0,404.14235255237094,64,0.025851267380160737,17,59113,443,1620003383.891946,1620003375.787894,1620003383.891946,1620003367.683842,0
1009,1,0,0,0,701.7557355040028,64,0.022233154226366902,17,38146,22,1620003385.6928465,1620003377.5887945,1620003385.6928465,1620003369.4847424,0
1002,0,1,0,1,244.494503213672,255,0.055413542255724584,17,59019,1883,1620003387.4937468,1620003379.3896947,1620003387.4937468,1620003371.2856429,0
1007,0,1,1,0,582.40883242953,128,0.14085181176033798,1,23322,1883,1620003389.2946472,1620003381.1905951,1620003389.2946472,1620003373.0865433,0
1009,0,1,0,0,339.9077832911376,128,0.0929050505600174,17,39274,22,1620003391.0955477,1620003382.9914958,1620003391.0955477,1620003374.8874438,0
1001,1,1,0,1,540.2809733124711,128,0.11667710827746465,6,62257,80,1620003392.8964481,1620003384.7923963,1620003392.8964481,1620003376.6883442,0
1008,1,1,1,1,653.3213389150712,128,0.033174034074465446,1,17100,80,1620003394.6973486,1620003386.5932965,1620003394.6973486,1620003378.4892447,0
1002,1,0,1,0,606.8802002587771,64,0.06566905646939797,1,16400,1883,1620003396.498249,1620003388.394197,1620003396.498249,1620003380.2901452,0
1004,0,1,1,1,513.8735666060186,255,0.004541090850856764,6,37063,80,1620003398.2991495,1620003390.1950974,1620003398.2991495,1620003382.0910456,0
1009,1,0,1,0,224.30817875755542,64,0.17011827434245236,1,56863,80,1620003400.10005,1620003391.995998,1620003400.10005,1620003383.891946,0
1007,0,1,0,1,646.0688361103531,255,0.45944441402255487,6,44466,22,1620003401.9009504,1620003393.7968984,1620003401.9009504,1620003385.6928465,0
1001,1,1,1,1,706.2860875991199,128,0.052235695916666464,1,6416,22,1620003403.701851,1620003395.5977988,1620003403.701851,1620003387.4937468,0
1005,0,1,1,1,291.4005951686915,255,0.0011024196903834692,1,50465,80,1620003405.5027514,1620003397.3986993,1620003405.5027514,1620003389.2946472,0
1004,0,0,0,0,320.7941571388,64,0.018607977752794883,6,59170,22,1620003407.3036518,1620003399.1995997,1620003407.3036518,1620003391.0955477,0
1009,0,1,0,0,714.7114716065823,64,0.10570679630130207,6,28130,502,1620003409.1045523,1620003401.0005002,1620003409.1045523,1620003392.8964481,0
1008,1,1,0,1,458.31168748614675,128,0.0946954388617651,6,15333,1883,1620003410.9054527,1620003402.8014007,1620003410.9054527,1620003394.6973486,0
1004,0,1,1,1,325.97733251888366,64,0.15505310926565063,6,25833,502,1620003412.7063532,1620003404.6023011,1620003412.7063532,1620003396.498249,0
1001,0,1,0,1,554.5108827038546,64,0.02928742095789071,17,50583,502,1620003414.5072536,1620003406.4032016,1620003414.5072536,1620003398.2991495,0
1004,0,0,1,0,372.2951224091163,255,0.14423650091089582,17,1717,80,1620003416.308154,1620003408.204102,1620003416.308154,1620003400.10005,0
1003,0,1,1,1,532.2084262811962,64,0.11647008794188381,6,34961,80,1620003418.1090546,1620003410.0050025,1620003418.1090546,1620003401.9009504,0
1006,0,0,1,1,417.35866583073033,128,0.03898100372716379,17,30257,502,1620003419.909955,1620003411.805903,1620003419.909955,1620003403.701851,0
1005,0,1,0,1,434.4978359838911,128,0.07885312888222278,6,60845,502,1620003421.7108555,1620003413.6068034,1620003421.7108555,1620003405.5027514,1
1001,1,0,1,1,722.0794767714902,64,0.015931677774283153,6,9647,443,1620003423.511756,1620003415.4077039,1620003423.511756,1620003407.3036518,0
1004,1,0,0,0,40.0,128,0.06025106387263687,1,41574,443,1620003425.3126564,1620003417.2086043,1620003425.3126564,1620003409.1045523,0
1006,0,1,0,0,610.9501508870488,255,0.2130291477991555,6,47648,1883,1620003427.1135569,1620003419.0095048,1620003427.1135569,1620003410.9054527,0
1006,1,1,0,1,689.0901556532988,255,0.054678339115221165,6,60912,502,1620003428.9144573,1620003420.8104053,1620003428.9144573,1620003412.7063532,0
1004,1,0,1,0,375.6011717644689,64,0.18298770394739086,6,10198,22,1620003430.7153578,1620003422.6113057,1620003430.7153578,1620003414.5072536,0
1008,0,1,1,0,687.5530708726301,64,0.08922162743503002,6,12376,443,1620003432.5162582,1620003424.4122062,1620003432.5162582,1620003416.308154,0
1003,0,1,1,0,308.1952066318352,255,0.02130406493064993,1,53220,80,1620003434.3171585,1620003426.2131066,1620003434.3171585,1620003418.1090546,0
1002,0,1,0,1,368.0032908672745,128,0.08701379585117043,6,6554,502,1620003436.118059,1620003428.014007,1620003436.118059,1620003419.909955,0
1003,1,0,1,0,344.96659128179306,64,0.07051860157179993,1,6016,22,1620003437.9189594,1620003429.8149076,1620003437.9189594,1620003421.7108555,0
1004,0,1,1,0,690.2584327205169,64,0.050856374241002734,6,54100,22,1620003439.7198598,1620003431.615808,1620003439.7198598,1620003423.511756,0
1005,1,1,1,0,151.0104626664334,128,0.012741350457097103,1,24378,22,1620003441.5207603,1620003433.4167085,1620003441.5207603,1620003425.3126564,0
1002,0,1,1,1,828.0294452051149,64,0.05390684984911431,17,4336,80,1620003443.3216608,1620003435.217609,1620003443.3216608,1620003427.1135569,0
1001,1,0,1,1,439.01228677722213,128,0.007554540995373883,1,46857,443,1620003445.1225612,1620003437.0185091,1620003445.1225612,1620003428.9144573,0
1003,0,1,0,0,622.9824308314711,128,0.010399372946771224,1,5342,22,1620003446.9234617,1620003438.8194096,1620003446.9234617,1620003430.7153578,0
1004,0,0,0,0,605.7415842727462,128,0.05377113833060198,6,47851,443,1620003448.7243621,1620003440.6203103,1620003448.7243621,1620003432.5162582,0
1003,1,1,0,1,530.2463576413038,128,0.03643924790339611,1,35480,1883,1620003450.5252626,1620003442.4212105,1620003450.5252626,1620003434.3171585,0
1002,1,0,0,1,379.862787704488,128,0.2597551308682704,1,1491,80,1620003452.326163,1620003444.2221112,1620003452.326163,1620003436.118059,0
1007,1,1,1,0,748.4745125855708,255,0.047113355598101384,6,28216,443,1620003454.1270635,1620003446.0230117,1620003454.1270635,1620003437.9189594,0
1009,1,1,0,0,397.02974685577914,128,0.14182314521866524,17,43329,443,1620003455.927964,1620003447.823912,1620003455.927964,1620003439.7198598,0
1003,1,0,1,1,353.75026845581914,255,0.07555493748508947,17,36214,22,1620003457.7288644,1620003449.6248124,1620003457.7288644,1620003441.5207603,0
1001,1,0,0,1,675.5420567047066,128,0.1217685287637414,17,24687,22,1620003459.529765,1620003451.4257128,1620003459.529765,1620003443.3216608,0
1001,0,0,0,0,529.149923907374,64,0.030126183887254146,1,32270,80,1620003461.3306653,1620003453.2266133,1620003461.3306653,1620003445.1225612,0
1000,1,1,0,1,771.5643150232402,255,0.28456752098085464,6,54683,443,1620003463.1315658,1620003455.027514,1620003463.1315658,1620003446.9234617,0
1003,0,1,1,0,487.46658170890004,64,0.07552108933143516,17,48396,502,1620003464.9324663,1620003456.8284142,1620003464.9324663,1620003448.7243621,0
1009,0,1,1,0,369.82492546085075,128,0.17797759865419036,17,38513,22,1620003466.7333667,1620003458.629315,1620003466.7333667,1620003450.5252626,0
1008,1,1,0,0,554.9486946047797,128,0.0454202240908663,17,55547,22,1620003468.5342672,1620003460.4302154,1620003468.5342672,1620003452.326163,0
1006,0,0,1,1,410.4765687825193,64,0.010559537551360383,17,42995,1883,1620003470.3351676,1620003462.2311156,1620003470.3351676,1620003454.1270635,0
1009,1,1,0,0,375.6154977388589,128,0.1119973772375643,6,41333,80,1620003472.136068,1620003464.032016,1620003472.136068,1620003455.927964,0
1006,1,1,0,0,666.3776387311748,64,0.0007789911062306754,17,43661,443,1620003473.9369686,1620003465.8329165,1620003473.9369686,1620003457.7288644,0
1006,0,1,0,1,866.3110134550055,128,0.06449152227596719,1,29297,443,1620003475.737869,1620003467.633817,1620003475.737869,1620003459.529765,1
1007,0,1,1,1,450.7076416163019,128,0.02141861670645189,1,48577,443,1620003477.5387695,1620003469.4347177,1620003477.5387695,1620003461.3306653,0
1000,1,1,0,0,305.0517627428139,255,0.09871840807194363,6,30497,22,1620003479.33967,1620003471.2356179,1620003479.33967,1620003463.1315658,0
1009,1,1,0,0,469.30873002003625,64,0.3883429384253745,17,62434,80,1620003481.1405704,1620003473.0365186,1620003481.1405704,1620003464.9324663,0
1009,0,1,0,1,602.9602459791847,128,0.06243730914693229,17,60260,443,1620003482.9414706,1620003474.8374188,1620003482.9414706,1620003466.7333667,0
1007,0,0,1,1,551.4959056954941,64,0.1700995552721205,1,64024,502,1620003484.742371,1620003476.6383193,1620003484.742371,1620003468.5342672,0
1003,0,1,0,1,738.8463388943424,255,0.0708838014257873,6,14703,1883,1620003486.5432715,1620003478.4392197,1620003486.5432715,1620003470.3351676,0
1003,0,1,1,0,633.01796765514,64,0.06848616626679224,1,28469,1883,1620003488.344172,1620003480.2401202,1620003488.344172,1620003472.136068,0
1003,1,1,0,0,279.31810637801823,255,0.26653283142952217,6,46334,443,1620003490.1450725,1620003482.0410206,1620003490.1450725,1620003473.9369686,0
1005,1,1,1,0,401.33632987184495,64,0.2206964677196806,6,18894,22,1620003491.945973,1620003483.841921,1620003491.945973,1620003475.737869,0
1006,1,0,0,1,223.8331760049349,64,0.15408472927167594,6,61707,1883,1620003493.7468734,1620003485.6428216,1620003493.7468734,1620003477.5387695,0
1005,1,0,0,0,728.9358691260376,255,0.03513402747897667,1,48253,1883,1620003495.5477738,1620003487.443722,1620003495.5477738,1620003479.33967,0
1000,0,0,1,1,101.62254694571983,128,0.07874763562988142,6,27016,1883,1620003497.3486743,1620003489.2446225,1620003497.3486743,1620003481.1405704,0
1007,0,0,1,0,243.33353387553754,128,0.02534703362600628,1,30457,1883,1620003499.1495748,1620003491.0455227,1620003499.1495748,1620003482.9414706,0
1009,1,0,0,1,397.63950679896544,128,0.05868371722966953,1,12062,443,1620003500.9504752,1620003492.846423,1620003500.9504752,1620003484.742371,0
1006,1,0,1,0,612.7834806209634,64,0.06620615169138731,17,26957,80,1620003502.7513757,1620003494.6473236,1620003502.7513757,1620003486.5432715,0
1005,1,1,0,0,395.66931725886974,64,0.17816509736716876,1,46044,80,1620003504.5522761,1620003496.4482243,1620003504.5522761,1620003488.344172,0
1005,1,0,0,1,426.9541172571016,128,0.22636371605515887,1,30260,22,1620003506.3531766,1620003498.2491245,1620003506.3531766,1620003490.1450725,0
1004,1,0,0,1,430.89442534546004,64,0.05354941765731175,17,59759,502,1620003508.154077,1620003500.0500247,1620003508.154077,1620003491.945973,0
1005,1,1,1,0,534.5565244716491,64,0.0017863043480275368,17,10794,80,1620003509.9549775,1620003501.8509254,1620003509.9549775,1620003493.7468734,0
1008,1,0,0,1,255.89769294599964,128,0.19788640931551293,17,4773,502,1620003511.755878,1620003503.6518261,1620003511.755878,1620003495.5477738,0
1009,1,1,1,1,310.5645903903906,255,0.019149794556122646,6,45609,80,1620003513.5567784,1620003505.4527264,1620003513.5567784,1620003497.3486743,0
1008,1,1,0,0,836.1847397591782,64,0.09725488672668386,6,58235,80,1620003515.357679,1620003507.2536266,1620003515.357679,1620003499.1495748,0
1009,0,0,1,1,580.4798194394023,64,0.0025287962721080785,17,36295,22,1620003517.1585793,1620003509.0545273,1620003517.1585793,1620003500.9504752,0
1007,1,1,1,0,652.1564343705691,64,0.05100034206352483,6,8879,1883,1620003518.9594798,1620003510.855428,1620003518.9594798,1620003502.7513757,0
1009,0,0,0,0,511.60570629104336,64,0.4265866398803299,17,47170,22,1620003520.7603803,1620003512.6563282,1620003520.7603803,1620003504.5522761,0
1008,0,0,1,1,471.94395035145203,255,0.010613148066810385,6,45121,80,1620003522.5612807,1620003514.4572284,1620003522.5612807,1620003506.3531766,0
1009,1,1,0,1,591.426189219056,128,0.05511150379095118,1,24463,1883,1620003524.3621812,1620003516.2581291,1620003524.3621812,1620003508.154077,0
1007,1,1,0,0,645.5227367352265,64,0.03669416815458837,6,31314,1883,1620003526.1630816,1620003518.0590298,1620003526.1630816,1620003509.9549775,0
1007,0,0,0,0,669.2151349383438,128,0.23548064324955864,6,12125,1883,1620003527.963982,1620003519.85993,1620003527.963982,1620003511.755878,0
1000,0,1,0,0,474.68808803613194,64,0.20351575754336057,1,28264,502,1620003529.7648823,1620003521.6608303,1620003529.7648823,1620003513.5567784,0
1009,1,1,0,0,691.0753112556642,255,0.027141347373477617,17,17807,80,1620003531.5657828,1620003523.461731,1620003531.5657828,1620003515.357679,0
1004,0,0,1,0,40.0,128,0.008467351597259162,6,54558,443,1620003533.3666832,1620003525.2626314,1620003533.3666832,1620003517.1585793,0
1003,1,0,0,0,678.4574019450243,255,0.09865479578413247,6,45941,22,1620003535.1675837,1620003527.0635316,1620003535.1675837,1620003518.9594798,0
1001,1,1,1,1,414.6188086512396,64,0.04100285727172178,1,27833,502,1620003536.9684842,1620003528.8644323,1620003536.9684842,1620003520.7603803,0
1007,1,0,1,1,610.6764892603394,255,0.11149989921354597,1,48411,22,1620003538.7693846,1620003530.6653326,1620003538.7693846,1620003522.5612807,0
1002,0,0,0,1,370.13445486082736,255,0.0032646914304974538,1,18947,443,1620003540.570285,1620003532.466233,1620003540.570285,1620003524.3621812,0
1003,0,0,1,0,234.6610939844445,64,0.014317688712131639,1,48777,1883,1620003542.3711855,1620003534.2671335,1620003542.3711855,1620003526.1630816,0
1006,1,0,0,1,567.9408062633336,64,0.11595484509710435,17,16050,443,1620003544.172086,1620003536.068034,1620003544.172086,1620003527.963982,0
1009,0,0,1,0,199.69389533576015,128,0.023872767453452577,6,42220,22,1620003545.9729865,1620003537.8689342,1620003545.9729865,1620003529.7648823,1
1008,0,0,1,0,420.0645143554586,64,0.19490287371368553,6,24593,443,1620003547.773887,1620003539.6698349,1620003547.773887,1620003531.5657828,0
1001,0,0,1,1,337.5140617791695,128,0.00603774705528436,6,55086,80,1620003549.5747874,1620003541.470735,1620003549.5747874,1620003533.3666832,0
1002,0,1,0,0,464.9934923413047,255,0.02426857405789256,6,42911,443,1620003551.3756878,1620003543.2716358,1620003551.3756878,1620003535.1675837,0
1003,0,0,1,0,659.4418239194545,255,0.65432847393597,17,21917,80,1620003553.1765883,1620003545.0725362,1620003553.1765883,1620003536.9684842,0
1009,0,1,0,0,402.0309429091018,128,0.05675302039924521,6,23459,443,1620003554.9774888,1620003546.8734367,1620003554.9774888,1620003538.7693846,0
1000,0,1,1,0,562.9155094825223,64,0.12139075359010734,17,56328,80,1620003556.7783892,1620003548.6743371,1620003556.7783892,1620003540.570285,1
1006,1,1,1,0,647.8692076454176,64,0.020170384424629054,17,58787,80,1620003558.5792897,1620003550.4752374,1620003558.5792897,1620003542.3711855,0
1001,0,0,1,0,378.54898984124253,255,0.0941272019527604,1,37916,443,1620003560.3801901,1620003552.2761378,1620003560.3801901,1620003544.172086,0
1004,0,0,1,1,381.4492942561795,128,0.12950143583781032,1,33423,502,1620003562.1810906,1620003554.0770385,1620003562.1810906,1620003545.9729865,0
1000,0,1,0,0,773.8657804400422,255,0.037757269721487435,6,52571,1883,1620003563.981991,1620003555.8779387,1620003563.981991,1620003547.773887,0
1002,0,0,0,0,484.1222720444186,255,0.17654902190673394,17,26260,1883,1620003565.7828915,1620003557.6788394,1620003565.7828915,1620003549.5747874,0
1001,0,1,1,0,601.8277586263749,64,0.0924871386804307,1,28223,1883,1620003567.583792,1620003559.47974,1620003567.583792,1620003551.3756878,0
1000,0,0,1,0,600.3122184718449,128,0.04928596651446691,17,21358,80,1620003569.3846924,1620003561.2806404,1620003569.3846924,1620003553.1765883,0
1006,0,0,0,1,260.4024787844044,255,0.08156366591864822,1,50167,1883,1620003571.185593,1620003563.0815408,1620003571.185593,1620003554.9774888,0
1004,0,1,0,1,347.82482476560097,64,0.08598178872067674,17,34241,80,1620003572.9864933,1620003564.882441,1620003572.9864933,1620003556.7783892,0
1000,1,1,0,0,575.069472708004,255,0.018096482879838605,6,50555,502,1620003574.7873938,1620003566.6833415,1620003574.7873938,1620003558.5792897,1
1005,0,1,0,0,86.5370226552713,255,0.051538997436210626,6,16058,443,1620003576.588294,1620003568.4842422,1620003576.588294,1620003560.3801901,0
1004,0,0,1,0,457.7404765923151,64,0.042072686046961565,17,32109,443,1620003578.3891945,1620003570.2851424,1620003578.3891945,1620003562.1810906,0
1002,0,1,1,1,326.9432255214435,64,0.05123312943511335,1,10466,80,1620003580.190095,1620003572.0860431,1620003580.190095,1620003563.981991,0
1006,0,0,0,1,722.1012283953307,128,0.14317545474629115,1,57461,80,1620003581.9909954,1620003573.8869433,1620003581.9909954,1620003565.7828915,0
1009,1,0,0,1,569.2230906309899,255,0.06588199739237587,6,60827,502,1620003583.7918959,1620003575.6878438,1620003583.7918959,1620003567.583792,0
1008,1,0,0,1,738.2492594781354,128,0.2818693868717216,6,61366,1883,1620003585.5927963,1620003577.4887443,1620003585.5927963,1620003569.3846924,0
1008,1,1,0,0,492.1750732893294,64,0.034768180847446886,6,13667,502,1620003587.3936968,1620003579.2896447,1620003587.3936968,1620003571.185593,0
1008,1,1,0,1,477.2221614465955,64,0.05373468534948004,1,36093,443,1620003589.1945972,1620003581.0905452,1620003589.1945972,1620003572.9864933,0
1001,1,1,0,1,439.014096184087,255,0.15462603661232735,1,8734,443,1620003590.9954977,1620003582.8914456,1620003590.9954977,1620003574.7873938,0
1002,1,0,1,0,399.38612008898156,128,0.0789712252718076,6,39584,1883,1620003592.7963982,1620003584.692346,1620003592.7963982,1620003576.588294,0
1006,1,0,1,0,1036.931267811197,128,0.07919252888167638,17,59094,443,1620003594.5972986,1620003586.4932466,1620003594.5972986,1620003578.3891945,0
1004,1,1,1,1,661.4339031586444,255,0.005481545096311449,1,43451,80,1620003596.398199,1620003588.294147,1620003596.398199,1620003580.190095,0
1001,1,0,0,1,286.7622908126435,255,0.050849444760055575,6,61096,443,1620003598.1990995,1620003590.0950475,1620003598.1990995,1620003581.9909954,0
1002,1,0,0,1,1027.8617738324356,128,0.03157163632108883,17,61520,22,1620003600.0,1620003591.895948,1620003600.0,1620003583.7918959,0
